SHIP_ID,IMO,MMSI,CALLSIGN,SHIPNAME,TYPE_COLOR,LAST_POS,CODE2,COUNTRY,COUNT_PHOTOS,NEXT_PORT_NAME,NEXT_PORT_COUNTRY,NEXT_PORT_ID,ETA,DESTINATION,CURRENT_PORT_COUNTRY,TYPE_SUMMARY,COURSE,LON,LAT,TIMEZONE,ETA_OFFSET,SPEED,ETA_UPDATED,DISTANCE_TO_GO,PORT_ID,CURRENT_PORT,CTA_ROUTE_FORECAST
658311,9283746,422303000,EPA2988,FORTUNE,8,1760460288,IR,IRAN,6,,,,1767720600,FOR ORDER,IR,Tanker,27,56.376747,26.965797,3.5,,0.0,,0,20606,BANDAR ABBAS ANCH,false
5712860,9820312,422232300,EPKG9,NIKI,8,1785490241,IR,IRAN,1,,,,1785231000,PG PORT,,Tanker,213,56.576488,27.013319,3.5,,0.0,,0,,,false
768415,9283758,422304000,EPA2999,FAXON,8,1776535681,IR,IRAN,4,KHARK,IR,1616,1776744000,KHARK,,Tanker,258,55.47448,26.359529,3.5,4,7.5,,0,,,false
5735098,9820336,422232600,EPKH4,PETUNIA,8,1785643694,IR,IRAN,3,,,,1785261600,PG PORT,IR,Tanker,217,50.832092,28.997467,4.5,,0.0,,0,1615,BUSHEHR,false
327287,9309239,306885000,8PJG6,EURO VIKING,8,1785644020,CW,CURACAO,227,,,,1785544200,KFK0-OPL,,Tanker,130,57.051579,25.717066,4.0,,0.3,,0,,,false
712414,9360829,538003073,V7OE6,UMM AL AMAD,8,1785644043,MH,MARSHALL ISLANDS,38,RAS LAFFAN,QA,954,1783839600,RAS LAFFAN,QA,Tanker,150,51.796379,25.82452,3.0,3,0.0,,0,21918,RAS LAFFAN ANCH,false
712703,9224752,538003426,V7QR6,FSO ASIA,8,1785644179,MH,MARSHALL ISLANDS,15,AL SHAHEEN,QA,26248,1777987800,AL SHAHEEN SPM 2,MH,Tanker,,52.036415,26.594074,3.0,3,,,0,23760,FSO ASIA,false
327030,9271896,649621000,TZAS15,VOYAGER HAVEN,8,1785566263,ML,MALI,485,SHINAS,OM,18580,1785412800,"SHINAS, OMAN",,Tanker,6,56.829308,25.007862,4.0,4,0.4,,0,,,false
312335,9230062,538011391,V7A7065,MARIGOLD LNG,8,1784880051,MH,MARSHALL ISLANDS,57,KHOR FAKKAN,AE,18560,1784091600,IN DAH>AE KLF,AE,Tanker,232,56.536381,25.380281,4.0,4,0.1,,0,20586,KHOR FAKKAN ANCH,false
712369,9360855,538003019,V7NU4,AL SAHLA,8,1785600451,MH,MARSHALL ISLANDS,35,,,,1784963220,RLF QA,QA,Tanker,21,51.654747,25.896141,3.0,,2.2,,0,954,RAS LAFFAN,false
327140,9308546,538011653,V7A3258,AKKADIA,8,1785644015,MH,MARSHALL ISLANDS,455,FUJAIRAH,AE,790,1785549600,AEFJR,AE,Tanker,81,56.504921,25.196278,4.0,4,0.0,,0,20585,FUJAIRAH ANCH,false
133894,9204776,625014000,E3CB,SIBU 1,8,1784902920,ER,ERITREA,390,SHINAS,OM,18580,1784929260,SHINAS,,Tanker,169,56.512379,24.770092,4.0,4,3.2,,0,,,false
327160,9309227,350216000,H7ZM2,ELIAH,8,1785644003,NI,NICARAGUA,266,KHOR FAKKAN,AE,18560,1785146400,KHORFAKKAN,AE,Tanker,28,56.498081,25.40852,4.0,4,0.0,2026-08-02 04:04:00,7,20586,KHOR FAKKAN ANCH,true
712658,9397303,538003365,V7QH5,MEKAINES,8,1785644058,MH,MARSHALL ISLANDS,25,RAS LAFFAN,QA,954,1782231360,QA RLF OPL,QA,Tanker,139,51.924305,25.815525,3.0,3,0.1,,0,21918,RAS LAFFAN ANCH,false
753443,9299680,419001990,ATCK2,CANGJIE,8,1785643885,IN,INDIA,66,,,,1784264400,KAZ OPL FOR ORDERS,,Tanker,229,48.809914,29.58288,3.0,,0.0,,0,,,false
370418,9360893,309781000,C6VG4,AL SHAMAL,8,1785644037,BS,BAHAMAS,30,,,,1785132000,FOR ORDERS,QA,Tanker,305,51.900131,25.763569,3.0,,0.2,,0,21918,RAS LAFFAN ANCH,false
156118,9221267,350788000,H7XZ1,OCEANA KAI,8,1785644080,NI,NICARAGUA,182,FREE PORT,AE,18833,,MINA ZAYED UAE,,Tanker,215,56.128254,26.474474,4.0,,4.5,2026-08-02 04:09:00,161,,,true
204548,9234616,422946200,EPA5902,PULMONIS,8,1777693840,IR,IRAN,299,,,,1774912320,AE KFK,,Tanker,,50.605949,26.18165,3.0,,0.0,,0,,,false
712282,9337717,461000266,A4DL8,AL GHARRAFA,8,1785643899,OM,OMAN,39,ANCHORAGE,US,2731,1784595660,ANCHORAGE,QA,Tanker,217,51.76202,25.891462,3.0,-8,0.1,,0,21918,RAS LAFFAN ANCH,false
123306,9208124,613712400,TJMS8,SKY RIDER,8,1783735358,CM,CAMEROON,81,PORT RASHID,AE,104,,AE DXB AWA F ORDER,,Tanker,83,55.106319,25.569824,4.0,,0.0,,0,,,false
280171,9189146,620800028,D6A4028,KYLO,8,1785644061,KM,COMOROS,29,KHOR FAKKAN,AE,18560,1783141200,KFK OPL,,Tanker,146,57.003235,25.812222,4.0,4,0.0,,0,,,false
203116,9258868,613003614,TJM0088,NOCTIS,8,1785644126,CM,CAMEROON,40,,,,1785679200,FOR ORDER,,Tanker,271,57.735619,24.749733,4.0,,7.1,,0,,,false
712653,9337729,538003360,V7QG8,MESAIMEER,8,1785644025,MH,MARSHALL ISLANDS,34,RAS LAFFAN,QA,954,1784722320,QA RLF,QA,Tanker,147,51.810707,25.875181,3.0,3,0.0,,0,21918,RAS LAFFAN ANCH,false
159579,9247778,620800101,D6A4101,BREEZ,8,1785644009,KM,COMOROS,23,KHOR AL ZUBAIR,IQ,19586,1782237600,IQKAZ,IQ,Tanker,99,48.757824,29.634853,3.0,3,0.1,,0,23159,UMM QASR ANCH,false
712648,9443683,538003355,V7QG3,AL DAFNA,8,1785644128,MH,MARSHALL ISLANDS,28,DOHA,QA,955,1783088040,QATAR,QA,Tanker,106,51.812061,25.844257,3.0,3,0.5,,0,21918,RAS LAFFAN ANCH,false
712654,9397341,538003361,V7QG9,AL SADD,8,1785644093,MH,MARSHALL ISLANDS,28,RAS LAFFAN,QA,954,1782187440,QA RLF,QA,Tanker,237,51.788006,25.845598,3.0,3,0.3,,0,21918,RAS LAFFAN ANCH,false
369933,9360881,309333000,C6VG3,AL KHARSAAH,8,1785644153,BS,BAHAMAS,28,RAS LAFFAN,QA,954,1782543600,QARLF,QA,Tanker,126,51.778019,25.893948,3.0,3,0.1,,0,21918,RAS LAFFAN ANCH,false
753854,9344033,649115000,TZA01,TRIUM,8,1779179586,ML,MALI,67,SHINAS,OM,18580,1774427400,OM SHI,OM,Tanker,0,56.545052,24.781736,4.0,4,0.1,,0,26490,SHINAS ANCH,false
752774,9074626,636010373,ELSN2,MUBARAZ,8,1784216255,LR,LIBERIA,32,KHOR FAKKAN,AE,18560,1784167200,AE DAS>AE KLF,,Tanker,79,55.784622,26.14432,4.0,4,2.9,,0,,,false
156111,9277371,649615000,TZAR18,AETHER SAIL,8,1785644027,ML,MALI,265,,,,,TBC,,Tanker,279,53.641022,26.431551,4.0,,8.0,,0,,,false
374107,9232503,419001302,AWWB,NANDA DEVI,8,1785644128,IN,INDIA,23,FUJAIRAH,AE,790,1785657600,AEFUJ,,Tanker,355,57.638588,25.166691,4.0,4,1.7,2026-08-01 23:35:00,7,,,true
715888,9260067,611000250,A2AB77,OSTRIA,8,1785644179,BW,BOTSWANA,74,,,,1784235600,KAZ OPL,,Tanker,112,49.426517,29.253799,3.0,,0.0,,0,,,false
732563,9299446,477236400,VRXO5,BELLAGIO,8,1785644012,HK,HONG KONG,232,SHARJAH,AE,103,1784278800,AESHJ,,Tanker,132,55.023445,25.641781,4.0,4,0.1,,0,,,false
712279,9337705,461000261,A4DO7,AL GATTARA,8,1785644170,OM,OMAN,30,EL TOR,EG,3184,1785702000,AL ZOUR,,Tanker,214,51.727364,26.057335,3.0,2,1.0,,0,,,false
753484,9309588,273273750,UAEE5,SYMPHONY,8,1785644008,RU,RUSSIA,37,KHOR FAKKAN,AE,18560,1782511200,KFK,AE,Tanker,313,56.589561,25.338667,4.0,4,0.1,,0,20586,KHOR FAKKAN ANCH,false
3776692,9626285,310664000,ZCEJ7,GASLOG SKAGEN,8,1785643917,BM,BERMUDA,33,,,,1785429000,AWAITING ORDERS,,Tanker,155,53.296532,25.639013,4.0,,0.1,,0,,,false
134207,9255488,620999405,D6A3404,SEAHAKER,8,1756440722,KM,COMOROS,329,HAMRIYA FREE ZONE,AE,1699,1753966800,HAMRIYAH OPL,,Tanker,0,56.716274,24.550699,4.0,4,9.1,,0,,,false
411636,9293155,613003595,TJMC181,BENEDICT,8,1785643903,CM,CAMEROON,19,LAVAN,IR,988,1785366000,LAVAN OPL,IR,Tanker,230,53.349682,26.7589,4.5,4,1.1,,0,22917,LAVAN ANCH,false
714490,9289776,610000040,TYAE3,MAISAN,8,1785644099,BJ,BENIN,24,SHINAS,OM,18580,-2208988800,,,Tanker,273,56.587212,24.739111,4.0,4,0.0,,0,,,false
753038,9248473,655370000,7QAS923,AQUA,8,1785644154,MW,MALAWI,30,KHAWR AL AMAYA,IR,24402,1775343600,IQ KHA,,Tanker,290,49.442242,29.225754,3.0,3,0.0,,0,,,false
3967859,9397327,461001011,A4DX2,AL KHARAITIYAT,8,1785644150,OM,OMAN,28,,,,1785121380,RLF ANCH F-6,QA,Tanker,169,51.877789,25.825424,3.0,,0.3,,0,21918,RAS LAFFAN ANCH,false
258928,9136113,511101535,T8A4955,GLOBAL RANI,8,1785613146,PW,PALAU,203,DIBBA,AE,18570,1771056000,DIBBA OPL ANCHORAGE,,Tanker,258,56.942841,25.744484,4.0,4,0.1,,0,,,false
214356,9288382,630001209,J5AX9,ASPHALTEA,8,1785644026,GW,GUINEA BISSAU,65,SOHAR,OM,18567,1784887200,SOHAR,OM,Tanker,28,56.6478,24.730867,4.0,4,0.0,,0,22481,SOHAR ANCH,false
754636,9422457,461000234,A4DQ7,BOBCAT,8,1785644171,OM,OMAN,63,SHINAS,OM,18580,1785657600,OPL SHINAS,,Tanker,296,57.473808,24.514147,4.0,4,12.8,,0,,,false
3232,9235737,306408000,PJT10,YURI,8,1785644083,CW,CURACAO,11,,,,1782788400,TO ORDER,,Tanker,351,56.575901,26.908899,4.0,,0.0,,0,,,false
712283,9337731,461000259,A4DO6,TEMBEK,8,1785644077,OM,OMAN,34,KHOR FAKKAN,AE,18560,1785255360,AE KLF,AE,Tanker,305,56.5425,25.338579,4.0,4,0.0,,0,20586,KHOR FAKKAN ANCH,false
664844,9086734,538009768,V7A5140,AL RAYYAN,8,1785644033,MH,MARSHALL ISLANDS,11,RAS LAFFAN,QA,954,1783861200,QARLF,QA,Tanker,,51.876114,25.793266,3.0,3,0.1,,0,21918,RAS LAFFAN ANCH,false
753747,9326598,419001795,VTSI,GREEN ASHA,8,1785644158,IN,INDIA,29,,,,,JNPT INDIA,,Tanker,114,60.139988,23.384882,4.0,,11.8,,0,,,false
302511,9380570,350139000,H7ZL26,BINARY STAR,8,1785643853,NI,NICARAGUA,105,SHARJAH,AE,103,1782028800,SHARJAH,,Tanker,335,55.134674,25.590048,4.0,4,0.0,,0,,,false
203122,9258870,750057000,8RAC03,UMA,8,1776840613,GY,GUYANA,63,,,,1776823200,TBA,IR,Tanker,149,50.436813,29.207647,4.5,,0.1,,0,22723,KHARK ANCH,false
117791,9361445,205526000,ONFL,EXPRESS,8,1772470151,BE,BELGIUM,13,RUWAIS,AE,1695,1769308200,RUWAIS,AE,Tanker,207,52.738335,24.148333,4.0,4,0.0,,0,1695,RUWAIS,false
6041801,9854507,636020376,D5YX8,DAS,8,1785339600,LR,LIBERIA,10,,,,1783432800,AEZFJR,BH,Tanker,88,50.603813,26.179672,3.0,,0.0,,0,5014,SITRAH,false
657867,9364112,422038400,EPBY7,TOUR 2,8,1785644086,IR,IRAN,15,CHABAHAR,IR,19788,1785654000,CHABAHAR OPL,,Tanker,98,60.216614,25.209793,4.0,4,9.1,2026-08-02 03:52:00,20,,,true
374922,9325685,311468000,C6VF5,AL MARROUNA,8,1785643720,BS,BAHAMAS,13,,,,1784246460,FOR ORDERS,QA,Tanker,129,51.898193,25.8074,3.0,,0.2,,0,21918,RAS LAFFAN ANCH,false
156241,9299458,477236200,VRXO3,PAOLA,8,1785644097,HK,HONG KONG,132,,,,,IRAQI OWNER,,Tanker,208,48.887447,29.413267,3.0,,0.0,,0,,,false
753601,9292046,613277613,TJMOV6,NERO,8,1785644078,CM,CAMEROON,59,SHINAS,OM,18580,1784296800,SHINAS-OM,,Tanker,331,56.617027,24.750669,4.0,4,0.0,,0,,,false
711892,9224764,538002388,V7IJ5,FSO AFRICA,8,1785644041,MH,MARSHALL ISLANDS,5,,,,1774083600,ALS SBM 4,MH,Tanker,182,51.902199,26.674547,3.0,,0.1,,0,23756,FSO AFRICA,false
158585,9237008,477236600,VRXO4,ROBERTA,8,1785644040,HK,HONG KONG,74,,,,1785582000,IRAQI OWNER,,Tanker,13,48.906658,29.397423,3.0,,0.0,,0,,,false
371739,9600528,310644000,ZCEH4,GASLOG SHANGHAI,8,1785644088,BM,BERMUDA,28,,,,1783666800,FOR ORDERS,,Tanker,334,56.572414,26.127729,4.0,,0.3,,0,,,false
335962,9404950,271002613,TCTG7,OTTOMAN EQUITY,8,1785644087,TR,TURKIYE,84,,,,,FOR ORDER,,Tanker,112,52.183327,27.141829,3.0,,12.1,,0,,,false
726301,9171474,374989000,HPZR,HICRI KAAN,8,1785644117,PA,PANAMA,185,,,,1785628800,ORDER,,Tanker,122,57.685486,24.569635,4.0,,10.6,,0,,,false
156103,9300829,314001117,OWIM2,NAUTICAL ECHO,8,1785643794,BB,BARBADOS,216,,,,1785407400,DIBA,,Tanker,246,56.970867,25.822693,4.0,,0.0,,0,,,false
3224,9208215,306253000,PJR7,RHN,8,1785644023,CW,CURACAO,14,,,,1776447720,FOR ORDER,IQ,Tanker,194,48.881802,29.597134,3.0,,0.3,,0,23158,AL BASRAH ANCH,false
275222,9269403,647553055,5RA055,MURLIKISHAN,8,1785612945,MG,MADAGASCAR,32,KHOR FAKKAN,AE,18560,1785657600,AE KLF,AE,Tanker,319,56.660332,25.345501,4.0,4,9.3,2026-08-01 19:41:00,8,20586,KHOR FAKKAN ANCH,true
713493,9318022,620800063,D6A4063,CHARMINAR,8,1785644114,KM,COMOROS,118,SINGAPORE,SG,290,,SINGAPORE,,Tanker,53,57.685368,25.585365,4.0,,0.0,2026-08-01 20:45:00,3236,,,true
303316,9246279,629009450,C5J462,ANABEL,8,1784263333,GM,GAMBIA,14,KHOR FAKKAN,AE,18560,1784448000,KHORFAKKAN UAE,,Tanker,121,53.616413,26.38201,4.0,4,6.0,,0,,,false
713376,9550682,613511601,TJMW2A,XING CHEN,8,1785644096,CM,CAMEROON,63,SHINAS,OM,18580,1774454400,SHINAS,,Tanker,26,56.595638,24.723564,4.0,4,0.0,,0,,,false
204074,9204049,373420000,3EMM9,OPHELIA I,8,1785643795,PA,PANAMA,323,,,,1768917600,IRAQI OWNER,IQ,Tanker,216,48.715065,29.652517,3.0,,0.0,,0,23159,UMM QASR ANCH,false
752822,9074640,636010544,ELTL9,AL HAMRA,8,1784872755,LR,LIBERIA,20,KHOR FAKKAN,AE,18560,1784797200,IN DAH>AE KLF,AE,Tanker,167,56.596634,25.391085,4.0,4,0.8,,0,20586,KHOR FAKKAN ANCH,false
202653,9197727,750399000,8RAA26,NORITA,8,1785644069,GY,GUYANA,82,KHOR FAKKAN,AE,18560,1784278800,AE KLF,AE,Tanker,293,56.458073,25.337368,4.0,4,0.1,,0,20586,KHOR FAKKAN ANCH,false
208560,9233222,750925000,8RPE6,RAMONA I,8,1785643987,GY,GUYANA,51,LARAK,IR,1617,1785175200,LARAK OPL,,Tanker,44,56.265041,26.869875,3.5,4,0.0,,0,,,false
269862,9208148,352005597,3E8834,YELLOW STONE,8,1785643941,PA,PANAMA,178,SITRAH,BH,5014,1785263400,SITRAH BAHREEN,BH,Tanker,19,50.746025,26.158325,3.0,3,0.0,,0,22445,SITRAH ANCH,false
213409,9297319,306268000,PJD5,LORA,8,1780421361,CW,CURACAO,14,,,,1779937200,INDIAN OWNR&IND CREW,,Tanker,48,57.141827,25.885546,4.0,,0.2,,0,,,false
371383,9321744,310528000,ZCDU5,SHANDONG REDWOOD,8,1784549325,BM,BERMUDA,39,,,,1784361600,TBC,QA,Tanker,60,51.859219,25.8421,3.0,,18.6,,0,21918,RAS LAFFAN ANCH,false
690278,9383340,518100958,E5U3869,PUSHPAK,8,1785643852,CK,COOK ISLANDS,11,SHINAS,OM,18580,1784973600,OM SHI,OM,Tanker,329,56.577122,24.751341,4.0,4,0.1,,0,26490,SHINAS ANCH,false
212278,9285823,268268900,T7DZ5,KIARA M,8,1785050900,SM,SAN MARINO,23,BASRAH,IQ,17202,1785391200,BASRAH,OM,Tanker,4,56.768055,24.677429,4.0,3,9.6,,0,22481,SOHAR ANCH,false
409094,9382073,307170000,P4AA09,EVERDINE,8,1785643778,AW,ARUBA,39,SHINAS,OM,18580,1785567600,SHINAS OPL,,Tanker,338,56.59388,24.779699,4.0,4,0.0,2026-08-01 20:48:00,0,,,false
242674,9133599,352491000,HPFA,PRINCE IX,8,1785643884,PA,PANAMA,269,,,,1785380400,PSQ,OM,Tanker,332,58.556782,23.647287,4.0,,0.0,,0,3143,MINA AL FAHL,false
375265,9282041,620800034,D6A4034,KAVIZ,8,1777289308,KM,COMOROS,24,,,,1775476800,KAZ IRAQ,,Tanker,237,56.942947,25.773252,4.0,,0.2,,0,,,false
370558,9336842,463047101,AQQJ,SHALAMAR,8,1785644114,PK,PAKISTAN,55,KARACHI,PK,288,,KARACHI,,Tanker,89,58.965473,24.241764,4.0,,11.6,2026-08-02 03:47:00,449,,,true
329729,9531765,352004730,3E6982,BITU,8,1785643972,PA,PANAMA,40,KHOR FAKKAN,AE,18560,1784836800,"KFK,OPL",AE,Tanker,0,56.500492,25.630554,4.0,4,0.0,2026-08-02 03:50:00,5,20586,KHOR FAKKAN ANCH,true
118791,9358280,636019743,D5VY3,PLATA CARRIER,8,1785644124,LR,LIBERIA,31,FUJAIRAH,AE,790,1785067200,FUJAIRAH,AE,Tanker,215,56.577934,25.255127,4.0,4,0.0,,0,20585,FUJAIRAH ANCH,false
308144,9080493,422300400,EPNF4,DARAN,8,1758200426,IR,IRAN,114,KHOR FAKKAN,AE,18560,1758153660,KAS TO KHORFAKHAN,AE,Tanker,48,56.594955,25.355448,4.0,4,0.1,,0,20586,KHOR FAKKAN ANCH,false
375930,9289491,306269000,PJE5,BELMA,8,1784289092,CW,CURACAO,9,,,,1784217600,KAZ,,Tanker,135,49.389774,28.861799,3.0,,0.2,,0,,,false
714157,9262912,352001225,3E3982,AUROURA,8,1785644037,PA,PANAMA,29,SHINAS,OM,18580,1785218400,SHINAS OMAN,,Tanker,153,56.567165,24.790447,4.0,4,0.0,,0,,,false
208690,9254850,477223400,VRXM6,CAMILLA,8,1785643940,HK,HONG KONG,47,,,,1785340800,FOR ORDERS,AE,Tanker,152,56.615635,25.419518,4.0,,0.1,,0,20586,KHOR FAKKAN ANCH,false
185821,9118159,620992000,D6A2999,RINA,8,1785615548,KM,COMOROS,184,,,,1782406800,ORDER,,Tanker,342,56.957592,24.725704,4.0,,0.5,,0,,,false
752790,9074638,636010457,ELSZ4,MRAWEH,8,1785303496,LR,LIBERIA,24,DAHEJ,IN,535,1783728000,IN DAH>AE KFK,,Tanker,39,55.814358,26.082766,4.0,5,5.9,,0,,,false
204530,9242730,314658000,8PBN9,BRAVE,8,1785644024,BB,BARBADOS,319,KHOR FAKKAN,AE,18560,1784966400,KFK,,Tanker,359,56.822533,25.071121,4.0,4,0.6,,0,,,false
1834,9321732,229129000,9HA3092,MILAHA QATAR,8,1785644036,MT,MALTA,18,RAS LAFFAN,QA,954,1782163260,QA RLF,,Tanker,186,52.037231,25.738909,3.0,3,0.1,,0,,,false
301142,9350862,352005665,3E8887,DEEPBLUE,8,1785589361,PA,PANAMA,126,PORT RASHID,AE,104,1785510000,DUBAI,,Tanker,273,54.822048,25.789192,4.0,4,5.5,,0,,,false
756201,9203784,750094000,8RAY10,ADITYA,8,1785644136,GY,GUYANA,40,,,,1785337200,LRK,IR,Tanker,16,56.405952,26.934965,4.5,,0.0,,0,20606,BANDAR ABBAS ANCH,false
300912,9169782,620800114,D6A4114,ONYX 2,8,1785643502,KM,COMOROS,319,SHINAS,OM,18580,,SHINASH,,Tanker,60,56.897072,24.792599,4.0,,0.1,,0,,,false
311526,9235464,306875000,PJAF33,SITA,8,1785644088,CW,CURACAO,142,,,,1778428800,DYR OPL,IR,Tanker,111,51.883255,27.80081,4.5,,0.2,,0,22876,DAYYER ANCH,false
117176,9361079,205506000,ONFE,EXPLORER,8,1772539426,BE,BELGIUM,14,,,,1768806000,XXXXX,AE,Tanker,,55.067562,25.031258,4.0,,0.1,,0,102,JEBEL ALI,false
2971,9268423,352003444,3E5111,LADY YOUMNA,8,1785623763,PA,PANAMA,325,SOHAR,OM,18567,1785412800,SOHAR,OM,Tanker,123,56.692635,24.582294,4.0,4,0.0,,0,22481,SOHAR ANCH,false
714683,9240885,655371000,7QAS924,WOLF,8,1785644161,MW,MALAWI,30,KHOR FAKKAN,AE,18560,1784743200,KHORFAKKAN,AE,Tanker,286,56.559647,25.347244,4.0,4,0.2,,0,20586,KHOR FAKKAN ANCH,false
727849,9273246,352004620,3E6902,STARWAY,8,1785644162,PA,PANAMA,66,,,,1785160800,FUJIARAH,AE,Tanker,84,56.513153,25.16927,4.0,,0.1,,0,20585,FUJAIRAH ANCH,false
212112,9284946,636024657,5LTR6,HELLSTUGUTINDEN,8,1785625092,LR,LIBERIA,45,,,,1780686000,KAZ OPL,,Tanker,176,47.165001,28.636667,3.0,,0.0,,0,,,false
156579,9268186,305263000,V2YL4,SONDOS,8,1766845597,AG,ANTIGUA AND BARBUDA,156,SHINAS,OM,18580,1766854800,SHINAS,,Tanker,203,56.60532,24.812107,4.0,4,0.0,,0,,,false
180568,9315161,636026223,A8OJ9,ROMANIA PROSPERITY,8,1784908997,LR,LIBERIA,28,FUJAIRAH,AE,790,1784919600,FUJAIRAH S ANCHORAGE,AE,Tanker,348,56.557308,25.159325,4.0,4,0.2,,0,20585,FUJAIRAH ANCH,false
460116,8818219,650610088,C9N968,DISHA,8,1785643972,MZ,MOZAMBIQUE,11,KHOR FAKKAN,AE,18560,1784887200,KFK OPL,AE,Tanker,353,56.83284,25.49165,4.0,4,0.1,,0,20586,KHOR FAKKAN ANCH,false
275996,9286437,511101414,T8A4772,SELENIA,8,1785643951,PW,PALAU,28,,,,1785511800,TBA,AE,Tanker,213,55.003841,25.537659,4.0,,0.0,,0,21986,DUBAI ANCH,false
754938,9389899,636014688,A8VX2,BRUNEI PROSPERITY,8,1785642819,LR,LIBERIA,41,,,,1784923200,SAUDI OPL,,Tanker,228,51.337933,26.903084,3.0,,0.0,,0,,,false
730539,9346952,636025481,5LXR3,ASHOKA,8,1785643903,LR,LIBERIA,32,FUJAIRAH,AE,790,1785564000,AEFJR,AE,Tanker,316,56.410946,25.235325,4.0,4,0.1,,0,790,FUJAIRAH,false
156114,9232955,518998409,OWIR2,TERNHAV,8,1748323953,CK,COOK ISLANDS,179,KHOR AL ZUBAIR,IQ,19586,1746945000,"KHOR AL ZUBAIR,IQ",IQ,Tanker,117,48.765995,29.619354,3.0,3,0.0,,0,23159,UMM QASR ANCH,false
3387359,9281695,306709000,PJAR21,ALICIA,8,1776780724,CW,CURACAO,8,,,,1776373200,FOR ORDER,IQ,Tanker,286,48.910587,29.634541,3.0,,0.4,,0,23158,AL BASRAH ANCH,false
203460,9275658,477965400,VRWD6,PURDUE STELLAR,8,1785643888,HK,HONG KONG,61,SOHAR,OM,18567,1784127600,SOHAR,AE,Tanker,292,56.68478,25.518641,4.0,4,0.1,,0,20586,KHOR FAKKAN ANCH,false
213914,9197909,655180800,7QAS925,ARHIMEDA,8,1776422408,MW,MALAWI,14,,,,1775923200,FOR ORDER,IQ,Tanker,177,48.868217,29.617264,3.0,,0.4,,0,23158,AL BASRAH ANCH,false
214867,9237632,477949100,VRWB4,STAR FOREST,8,1784799014,HK,HONG KONG,23,,,,1781121600,FOR ORDER,,Tanker,81,49.084999,29.286667,3.0,,0.0,,0,,,false
279928,9413688,636019327,D5TZ9,SINBAD,8,1785600729,LR,LIBERIA,143,AL JUBAIL,SA,956,1785682800,JUBAIL SAUDI ARABIA,,Tanker,300,54.211254,25.824711,4.0,3,12.3,2026-08-01 16:28:00,256,,,true
211893,9254862,477236500,VRXO2,ADENA,8,1784668856,HK,HONG KONG,45,,,,1784059200,"KAZ OPL,IRAQ",,Tanker,148,47.589088,30.210907,3.0,,0.0,,0,,,false
713757,9500730,538004577,V7XU9,HABRUT,8,1783269014,MH,MARSHALL ISLANDS,49,FUJAIRAH,AE,790,1783144800,GALL OPL> FUJ,AE,Tanker,165,56.578629,25.258165,4.0,4,0.1,,0,20585,FUJAIRAH ANCH,false
214409,9531480,241080000,SVBF2,CAPTAIN MICHAEL,8,1785643997,GR,GREECE,35,QINZHOU,CN,2344,1780488000,KWMEA>CNQIN,AE,Tanker,,54.922615,25.515898,4.0,8,0.0,,0,21986,DUBAI ANCH,false
283841,9483774,511102012,T8A5555,PADMANABH,8,1785630383,PW,PALAU,32,KHOR FAKKAN,AE,18560,1784487600,AE KLF,AE,Tanker,133,56.431835,25.405926,4.0,4,10.1,,0,20586,KHOR FAKKAN ANCH,false
124761,9281566,511101971,T8A5509,BLAZE,8,1785644086,PW,PALAU,48,,,,,"KAZ,IRAQ",,Tanker,317,54.539848,25.714462,4.0,,9.8,,0,,,false
753607,9288095,422937700,EPA5861,AZHIN,8,1785644030,IR,IRAN,8,JASK,IR,19782,1784862000,JASK,,Tanker,46,57.548248,25.560978,4.0,4,0.0,,0,,,false
122662,9281554,306213000,8PJP7,LOUIZA,8,1785644006,CW,CURACAO,36,,,,1785643200,KAZ IQ,,Tanker,305,48.818405,29.586773,3.0,,0.0,,0,,,false
167097,9287871,511100371,T8A3505,AB VICTORY,8,1785640363,PW,PALAU,37,KHOR FAKKAN,AE,18560,1784077200,AE KLF,AE,Tanker,299,56.46682,25.401537,4.0,4,0.4,,0,20586,KHOR FAKKAN ANCH,false
714306,9659672,538005203,V7BU8,THE DIPLOMAT,8,1785643836,MH,MARSHALL ISLANDS,24,,,,1781287200,FOR ORDERS,AE,Tanker,81,55.380852,25.365292,4.0,,0.0,,0,103,SHARJAH,false
712618,9416795,352001467,3E2485,PVT ELENA,8,1785644133,PA,PANAMA,349,SHINAS,OM,18580,1785645900,SHINAS-OMAN,,Tanker,166,56.930099,24.986883,4.0,4,5.5,2026-08-01 18:03:00,0,,,false
306746,9164524,620800066,D6A4066,VELARO,8,1785644140,KM,COMOROS,278,,,,1785643860,KAZ ANCHORAGE,IQ,Tanker,18,48.769466,29.647472,3.0,,0.0,,0,23159,UMM QASR ANCH,false
712580,9388821,538003295,V7PV3,AL SAMRIYA,8,1785644097,MH,MARSHALL ISLANDS,37,DOHA,QA,955,1784272020,QATAR RLF,QA,Tanker,177,51.778217,25.873854,3.0,3,0.8,,0,21918,RAS LAFFAN ANCH,false
286111,9272565,314001159,8PQQ,MARINE FLUX,8,1785644150,BB,BARBADOS,61,SHARJAH,AE,103,1785567600,SHARJAH,AE,Tanker,323,55.378738,25.369253,4.0,4,0.0,,0,103,SHARJAH,false
159469,9215103,422963400,EPA6042,MAOMING,8,1785643784,IR,IRAN,27,BANDAR ABBAS,IR,1614,1785023940,BAMNDARABBAS,IR,Tanker,316,56.375607,26.963501,4.5,4,0.1,,0,20606,BANDAR ABBAS ANCH,false
286019,9316012,248792000,9HA2517,ATLANTIS ANTAO,8,1785644088,MT,MALTA,246,KHOR FAKKAN,AE,18560,1782941400,AEKLF,AE,Tanker,306,56.429848,25.387083,4.0,4,0.0,,0,20586,KHOR FAKKAN ANCH,false
715990,9216559,750907000,8RCA4,VENTURA,8,1785284588,GY,GUYANA,38,,,,1783911600,FOR ORDERS,,Tanker,,55.076927,25.713453,4.0,,0.0,,0,,,false
211760,9232448,750013000,8RKA3,HALO 6,8,1785644143,GY,GUYANA,46,SOHAR,OM,18567,1784134800,SOHAR OPL,,Tanker,311,57.225861,24.551804,4.0,4,1.8,,0,,,false
282411,9147394,632001167,3X2139,GAS BELLA,8,1785643913,GN,GUINEA,118,KHOR FAKKAN,AE,18560,1785002400,AE KLF OPL,,Tanker,35,56.910999,25.824667,4.0,4,0.1,,0,,,false
373410,9325697,311038000,C6VF6,AL AREESH,8,1785644082,BS,BAHAMAS,3,PORT QASIM,PK,289,,PORT QASIM,,Tanker,31,60.171326,22.657976,4.0,,10.3,2026-08-01 06:34:00,200,,,true
186344,9155341,655317000,7QAS918,ROYAL H,8,1785644139,MW,MALAWI,31,KHOR AL ZUBAIR,IQ,19586,1785484800,IQ KAZ,IR,Tanker,30,52.537731,27.507179,4.5,3,5.1,,0,18911,ASALUYEH,false
730112,9196448,649129000,TZBC1,ROCKY,8,1785324192,ML,MALI,112,,,,1781980200,SHINASOMN,OM,Tanker,289,56.74472,24.719721,4.0,,0.0,,0,22481,SOHAR ANCH,false
211770,9127693,577727000,YJRV9,KANAS,8,1785644045,VU,VANUATU,64,SOHAR,OM,18567,,SOHAR,OM,Tanker,88,56.692013,24.725071,4.0,,0.0,,0,22481,SOHAR ANCH,false
731151,9256298,314090000,8POL,ALFONSO,8,1785644038,BB,BARBADOS,120,SHARJAH,AE,103,1784955600,SHARJAH,AE,Tanker,85,55.279842,25.540428,4.0,4,0.1,2026-08-02 04:15:00,9,21985,SHARJAH ANCH,true
711949,9258674,750788000,8RAK13,ENI,8,1785492006,GY,GUYANA,68,,,,1771426800,OPL KAZ,,Tanker,221,49.025013,29.196672,3.0,,0.0,,0,,,false
274639,9242443,350708000,H7ZD4,FIBI,8,1785643972,NI,NICARAGUA,109,SOHAR,OM,18567,1784746800,SOHAR,AE,Tanker,181,56.660172,25.490742,4.0,4,0.0,,0,20586,KHOR FAKKAN ANCH,false
202643,9174361,620800423,D6A4423,GALAXY GAS,8,1785643957,KM,COMOROS,88,,,,,BQMPK,,Tanker,65,57.938965,25.094414,4.0,,6.8,,0,,,false
755913,9157478,611000230,A2AB59,VINA,8,1785644050,BW,BOTSWANA,37,KHOR FAKKAN,AE,18560,1784581200,KHORFAKKAL,AE,Tanker,320,56.489079,25.368298,4.0,4,0.1,,0,20586,KHOR FAKKAN ANCH,false
123375,9256028,613426604,TJMR16,SEGINUS,8,1785644055,CM,CAMEROON,33,SOHAR,OM,18567,1785027600,OMSOH,OM,Tanker,166,56.703148,24.53145,4.0,4,0.0,2026-08-02 04:02:00,4,22481,SOHAR ANCH,true
3654936,9723071,636026080,A8DX3,FUJAIRAH ENERGY,8,1784403046,LR,LIBERIA,35,FUJAIRAH,AE,790,1784196000,AEFJR,,Tanker,287,55.825706,25.954477,4.0,4,6.0,,0,,,false
183639,9180152,306400000,PJAX21,SULLANA,8,1784148254,CW,CURACAO,13,JASK,IR,19782,1783713600,JASK,IR,Tanker,201,57.244701,25.843668,4.5,4,0.1,,0,25606,KOOH MOBARAK,false
714664,9393682,636023795,5LPL6,AL MARYAH,8,1783412012,LR,LIBERIA,30,FUJAIRAH,AE,790,1783454400,AE FJR,,Tanker,40,56.225235,26.342184,4.0,4,9.5,,0,,,false
275630,9257395,305070300,V2B2070,HM GAS,8,1785644099,AG,ANTIGUA AND BARBUDA,84,DUBAI ANCH,AE,21986,1785711240,UAE FOR ORDERS,,Tanker,349,54.838715,25.640335,4.0,4,0.3,,0,,,false
411532,9125138,422231100,EPKF6,DELICE,8,1785644042,IR,IRAN,53,BANDAR ABBAS ANCH,IR,20606,1785640740,IR BND ANCHRAGE,IR,Tanker,100,56.197308,27.037523,4.5,4,35.5,,0,20606,BANDAR ABBAS ANCH,false
712039,9315159,636026235,A8PA4,CAMEROON PROSPERITY,8,1783243934,LR,LIBERIA,48,GEBE,ID,25092,1783270800,GEBEL DHANNA,,Tanker,262,52.806561,24.755142,4.0,9,7.5,,0,,,false
752991,9070072,750351000,8RCD3,CAMELIA,8,1778840194,GY,GUYANA,130,,,,1781848800,FOR ORDERS,,Tanker,18,56.567242,24.861048,4.0,,0.0,,0,,,false
5722473,9820324,422232400,EPKH2,DALIA,8,1785610960,IR,IRAN,0,,,,1780221600,PG PORT,IR,Tanker,122,49.329834,29.773464,4.5,,3.9,,0,22713,BIK ANCH,false
758471,9471123,352002555,3E2335,FORTUNE GAS,8,1785644054,PA,PANAMA,24,SHINAS,OM,18580,1785261600,SHINAS OMAN,OM,Tanker,31,56.579506,24.779375,4.0,4,0.0,,0,26490,SHINAS ANCH,false
371362,9299159,304719000,V2YM8,FRIEND,8,1785643994,AG,ANTIGUA AND BARBUDA,135,FUJAIRAH,AE,790,1785153600,AE FJR,AE,Tanker,76,56.492081,25.175102,4.0,4,0.0,2026-08-02 03:53:00,8,20585,FUJAIRAH ANCH,true
752730,9088536,647553071,5RA71,AURORA,8,1780709373,MG,MADAGASCAR,6,,,,1780833600,SHINASOPL,OM,Tanker,161,56.580345,24.755901,4.0,,0.1,,0,26490,SHINAS ANCH,false
4242316,9739501,636017088,D5JF9,MOMBASA B,8,1785153113,LR,LIBERIA,20,FUJAIRAH,AE,790,1783054800,FUJAIRAH,AE,Tanker,0,56.602768,25.362148,4.0,4,0.0,,0,20586,KHOR FAKKAN ANCH,false
768120,9362061,422209800,EPJH7,HAWK,8,1782642798,IR,IRAN,4,,,,1782633600,SAILING TO ORDER,,Tanker,317,52.88752,26.762474,4.0,,13.3,,0,,,false
754866,9377418,352004707,3E6969,BARBADOS PROSPERITY,8,1784052279,PA,PANAMA,44,,,,,FOR ORDERS,,Tanker,70,55.763672,25.956413,4.0,,2.5,,0,,,false
213842,9399478,636025772,5LZC2,STALLION,8,1785643810,LR,LIBERIA,59,SINGAPORE,SG,290,1784934000,SINGAPORE FOR ORDERS,,Tanker,298,53.584419,25.775669,4.0,8,0.0,2026-08-02 01:44:00,3516,,,true
753264,9247986,620999909,D6A3908,AVA 10,8,1785644118,KM,COMOROS,17,KHOR FAKKAN,AE,18560,1783000800,KFK OPL,,Tanker,22,57.008133,25.667562,4.0,4,0.0,,0,,,false
3494310,9390927,636013350,A8MJ3,KERALA,8,1785227062,LR,LIBERIA,43,FUJAIRAH,AE,790,1785225600,"FUJAIRAH,UAE",AE,Tanker,265,56.466213,25.189905,4.0,4,0.0,,0,20585,FUJAIRAH ANCH,false
714757,9312511,538010188,V7A5729,MONACO LOYALTY,8,1785644062,MH,MARSHALL ISLANDS,33,FUJAIRAH,AE,790,1784818800,,AE,Tanker,239,56.506073,25.246796,4.0,4,0.0,,0,20585,FUJAIRAH ANCH,false
712751,9417464,620800047,D6A4047,TANI,8,1785333374,KM,COMOROS,80,,,,1781182800,FOR ORDER,,Tanker,48,56.876526,25.781233,4.0,,0.1,,0,,,false
1847,9596947,636026111,A8JR8,BAHRAIN PROSPERITY,8,1783714042,LR,LIBERIA,32,,,,1783087200,F0R ORDERS,AE,Tanker,236,56.56636,25.170404,4.0,,0.0,,0,20585,FUJAIRAH ANCH,false
165704,9287883,352002037,3E2200,ASPHALT ALLIANCE,8,1785629155,PA,PANAMA,143,,,,1783756800,RMC UAE,AE,Tanker,53,55.939041,26.018818,4.0,,0.4,,0,22514,MINA SAQR ANCH,false
300014,9585871,255804750,CQKV,MONTESPERANZA,8,1785644115,PT,PORTUGAL,105,FUJAIRAH,AE,790,1783823400,AEFJR,AE,Tanker,189,56.472626,25.151232,4.0,4,0.0,,0,20585,FUJAIRAH ANCH,false
407544,9282522,620800036,D6A4036,KUSH,8,1785643619,KM,COMOROS,27,,,,1775854800,KAZ,,Tanker,0,49.23502,29.39188,3.0,,0.1,,0,,,false
287456,9181194,626480000,C5J382,FELIX,8,1785644085,GA,GABON,11,,,,1783713600,KAZ,,Tanker,113,49.433346,29.24992,3.0,,0.1,,0,,,false
273612,9220914,655411000,7QAS929,HEANLIMO,8,1779415768,MW,MALAWI,60,SHINAS,OM,18580,1779253200,OMSHI,,Tanker,350,56.496181,25.947775,4.0,4,3.5,,0,,,false
465722,9014420,620800004,D604004,SARAH,8,1785643857,KM,COMOROS,68,KHOR FAKKAN,AE,18560,1784700000,AE KLF,AE,Tanker,3,56.551186,25.380304,4.0,4,0.1,,0,20586,KHOR FAKKAN ANCH,false
197095,9131096,603914010,D3Q82,GAS HORIZON,8,1785643974,AO,ANGOLA,93,SOHAR,OM,18567,1785282600,SOHAR OMAN,OM,Tanker,221,56.723999,24.627502,4.0,4,0.0,,0,22481,SOHAR ANCH,false
990668,9177155,422211700,EPJJ8,DESTINY,8,1780824470,IR,IRAN,2,,,,-2208988800,,,Tanker,78,49.482815,29.233641,3.0,,0.0,,0,,,false
211759,9231511,629009846,C5J948,YONG TAI,8,1785644108,GM,GAMBIA,34,,,,1785114000,FOR ORDER,,Tanker,34,57.332405,25.300491,4.0,,0.6,,0,,,false
768421,9187629,422056300,EPCS8,ARTAVIL,8,1772924759,IR,IRAN,2,,,,,ASSAL,IR,Tanker,260,52.499611,27.56473,3.5,,0.6,,0,21940,ASALUYEH ANCH,false
419207,9267948,632001164,3X2136,OCEAN GUARDIAN,8,1785287527,GN,GUINEA,28,,,,1785618000,KAZ,,Tanker,26,56.964725,25.145176,4.0,,9.5,,0,,,false
2939,9294551,229618000,9HA3454,HYDRA,8,1784046383,MT,MALTA,33,MINA AL AHMADI,KW,3191,1783425600,KWMEA SPECIAL ANCH,KW,Tanker,323,48.509472,28.992661,3.0,3,24.6,,0,22463,SHUAIBA ANCH,false
371466,9258595,306895000,PJCL49,FLORA DOLCE,8,1785643823,CW,CURACAO,86,,,,1775127600,OMSH,OM,Tanker,226,56.541813,24.735758,4.0,,0.0,,0,26490,SHINAS ANCH,false
712316,9252072,306855000,PJAS16,FAROG,8,1785644091,CW,CURACAO,25,,,,1779487200,KAZ OPL,,Tanker,180,49.205494,29.4116,3.0,,0.0,,0,,,false
755524,9595216,636015483,D5BA5,CYPRUS PROSPERITY,8,1784484574,LR,LIBERIA,6,FUJAIRAH,AE,790,1783440000,AEFJR,AE,Tanker,22,56.577679,25.176079,4.0,4,0.2,,0,20585,FUJAIRAH ANCH,false
713149,9325817,352898676,3E3593,GOLDEN EAGLEII,8,1785644046,PA,PANAMA,52,PORT RASHID,AE,104,1782144000,DUBAI AN UAE,AE,Tanker,,54.946419,25.548439,4.0,4,0.0,,0,21986,DUBAI ANCH,false
768495,9172038,422153000,EPA3014,SINOPA,8,1784500081,IR,IRAN,8,,,,1767225600,FOR ORDER,,Tanker,300,57.655025,25.581594,4.0,,0.0,,0,,,false
5593665,9771080,408919000,A9LV,SEAPEAK BAHRAIN,8,1784449950,BH,BAHRAIN,20,SITRAH ANCH,BH,22445,1784451360,BH BAH,,Tanker,169,50.669376,26.097918,3.0,3,,,0,,,false
727464,9125724,307111000,P4RF8,BLOOMING DALE,8,1776242313,AW,ARUBA,9,KHOR FAKKAN,AE,18560,,KFK UAE,IR,Tanker,44,56.080555,27.109787,4.5,,0.0,,0,1618,RAJAEI,false
412485,9203277,611000293,A2AB93,LEXIE,8,1779798829,BW,BOTSWANA,28,KHOR FAKKAN,AE,18560,1777764600,KFK UAE\FOR ORDERR,AE,Tanker,243,56.732613,25.491409,4.0,4,0.0,,0,20586,KHOR FAKKAN ANCH,false
656191,9297905,477223300,VRXM8,LILIANA,8,1785644047,HK,HONG KONG,26,KHOR FAKKAN,AE,18560,1784808000,AEKLF OPL,AE,Tanker,332,56.616867,25.434668,4.0,4,0.0,2026-08-02 04:07:00,7,20586,KHOR FAKKAN ANCH,true
410169,9228784,649777000,TZAA5,NEW GATE,8,1785308485,ML,MALI,83,,,,1780369200,OM PSQ,,Tanker,43,58.614719,23.703609,4.0,,0.0,,0,,,false
712561,9331244,314231000,8PTM,NATSUMI,8,1785644164,BB,BARBADOS,28,SHARJAH,AE,103,1784019600,AE SHJ,,Tanker,,55.12505,25.653166,4.0,4,0.1,,0,,,false
419164,8912546,647553028,5RA28,SALUTE,8,1785644066,MG,MADAGASCAR,15,SHARJAH,AE,103,1784800800,SHARJAH,,Tanker,44,55.613468,26.294601,4.0,4,0.0,,0,,,false
208720,9240512,987109000,7SL954,CARINA,8,1785644075,BR,,19,KHOR FAKKAN,AE,18560,1784309400,KFK,AE,Tanker,315,56.619694,25.513384,4.0,4,0.1,,0,20586,KHOR FAKKAN ANCH,false
465862,9240407,268256504,T7DN7,PRINCESS SOFIA,8,1785644099,SM,SAN MARINO,15,UMM QASR,IQ,1008,1774706400,UMM QASR OPL,,Tanker,133,48.784683,29.581667,3.0,3,0.0,,0,,,false
359950,9130456,511100863,T8A4066,HORIZON 1,8,1785643915,PW,PALAU,166,KHOR FAKKAN,AE,18560,1785621600,KFK-OPL,,Tanker,351,56.814941,24.956455,4.0,4,0.4,,0,,,false
753507,9289740,306885000,PJAH41,WORLD COURAGE,8,1774555090,CW,CURACAO,54,HAMRIYA FREE ZONE,AE,1699,1773421200,HAMRIYAH,AE,Tanker,51,55.304535,25.583004,4.0,4,0.3,,0,21985,SHARJAH ANCH,false
753380,9251884,306890000,DJBK45,LOANNA,8,1785639203,CW,CURACAO,41,,,,1772296200,KAZ OPL,IR,Tanker,39,51.887741,27.81428,4.5,,0.8,,0,22876,DAYYER ANCH,false
754009,9226968,422160400,H7XN1,SARAK,8,1784538093,IR,IRAN,28,LARAK,IR,1617,1782205200,LARAK IRAN,IR,Tanker,150,56.338066,26.940866,4.5,4,0.2,,0,20606,BANDAR ABBAS ANCH,false
767912,9212917,422221000,EPA3011,HASNA,8,1785643734,IR,IRAN,6,,,,-2208988800,TO ORDER,,Tanker,339,56.479633,26.960203,3.5,,0.1,,0,,,false
302077,9273002,649239000,TZBQ2,STARBOUND EXPLORER,8,1785639262,ML,MALI,6,SALALAH,OM,2732,1778544000,SALALAH OMAN,,Tanker,357,56.935787,25.932396,4.0,4,0.1,,0,,,false
301153,9231224,350652000,H7AA2,TIYARA,8,1783889973,NI,NICARAGUA,37,,,,,FOR ORDER,,Tanker,57,56.817146,24.925228,4.0,,8.8,,0,,,false
768159,9357377,422199900,EPIW6,SALINA,8,1783077006,IR,IRAN,15,,,,1783044000,FOR ORDER,,Tanker,312,56.472092,26.875534,4.0,,0.4,,0,,,false
183712,9285744,629009476,C5J488,NIL 308,8,1785644130,GM,GAMBIA,56,KHOR FAKKAN,AE,18560,,KFK OPL,IR,Tanker,136,52.405602,27.596195,4.5,,7.0,,0,21940,ASALUYEH ANCH,false
768464,9569645,422215800,EPJO5,SERENA,8,1783023566,IR,IRAN,11,,,,1783022400,FOR ORDER,,Tanker,260,55.398079,26.339733,3.5,,13.0,,0,,,false
728043,9511179,511101407,T8A4763,PONTUS,8,1785644052,PW,PALAU,16,,,,1785484800,HAMRIAH.UAE,AE,Tanker,54,55.493668,25.473133,4.0,,0.0,,0,1699,HAMRIYA FREE ZONE,false
714535,9322293,538010197,V7A5740,SINGAPORE LOYALTY,8,1784198463,MH,MARSHALL ISLANDS,9,YANTAI,CN,1245,1784955600,"YANTAI,CHINA",,Tanker,0,54.144112,25.49486,4.0,8,0.0,2026-07-13 21:01:00,5615,,,false
753376,9251896,306870000,PJAE29,MARAL,8,1785644142,CW,CURACAO,47,,,,1783798200,B.A. IRN,IR,Tanker,287,56.173061,27.074772,4.5,,0.6,,0,20606,BANDAR ABBAS ANCH,false
347925,9156498,352001664,3E2689,SERENITY IX,8,1785644145,PA,PANAMA,178,ABU DHABI,AE,254,,"ABU DHABI,UAE",,Tanker,216,56.127472,26.473082,4.0,,4.6,2026-08-02 03:51:00,161,,,true
727669,9273260,477223500,VRXM7,ALEXANDRA,8,1785644074,HK,HONG KONG,64,,,,1783353600,OMAN,AE,Tanker,311,56.603348,25.42605,4.0,,0.0,,0,20586,KHOR FAKKAN ANCH,false
416714,9278698,518999378,E5U5359,DAKUSH,8,1785644125,CK,COOK ISLANDS,52,,,,1784260800,FOR ORDERS,,Tanker,328,56.804546,24.825199,4.0,,0.5,,0,,,false
757438,9176993,620800086,D6A4086,HELGA,8,1785422344,KM,COMOROS,11,BASRAH,IQ,17202,1783272600,BASRAH IRAQ,AE,Tanker,71,56.533386,25.644985,4.0,3,0.1,,0,20586,KHOR FAKKAN ANCH,false
275007,9108099,611000226,A2AB55,PISSARO,8,1785640115,BW,BOTSWANA,28,,,,1782253800,KAZ IQ,IQ,Tanker,0,48.670967,29.65584,3.0,,0.0,,0,23159,UMM QASR ANCH,false
768491,9171450,422172000,EPA3016,STARK I,8,1785644114,IR,IRAN,7,JASK,IR,19782,-2208988800,JASK OPL,IR,Tanker,39,57.240707,25.848289,4.5,3,0.1,,0,25606,KOOH MOBARAK,false
411916,9321938,538012177,V7A4071,WELL SAIL,8,1785643975,MH,MARSHALL ISLANDS,64,AL HAMRIYA,AE,26292,1785477600,AE HAM,AE,Tanker,130,55.347908,25.525795,4.0,4,0.0,2026-08-02 03:49:00,9,21985,SHARJAH ANCH,true
1276654,9257149,668116506,S9A3306,NESO,8,1785644111,ST,SAO TOME AND PRINCIPE,28,SOHAR,OM,18567,1783659600,SOHAR EOPL,,Tanker,295,57.657974,24.879438,4.0,4,1.1,,0,,,false
753032,9177557,311002319,C6LP5,GAS LUCKY,8,1785644176,BS,BAHAMAS,20,KANDLA,IN,269,,KANDLA,,Tanker,110,57.953468,24.430296,4.0,,8.1,2026-08-02 03:46:00,682,,,true
212450,9299111,636020082,D5XO6,ELKA APOLLON,8,1785644069,LR,LIBERIA,45,RAS LAFFAN,QA,954,1785407400,RAS LAFFAN QATAR,QA,Tanker,230,51.609928,25.921679,3.0,3,0.0,,0,954,RAS LAFFAN,false
754010,9377781,311001930,C6JO8,SEABUS,8,1785530517,BS,BAHAMAS,25,FUJAIRAH,AE,790,1785020400,AEFJR,AE,Tanker,188,56.64764,25.423529,4.0,4,0.1,,0,20586,KHOR FAKKAN ANCH,false
407448,9031519,561006002,5WDC,MARSER,8,1784418469,WS,SAMOA,7,SHINAS,OM,18580,,SHINAS,AE,Tanker,215,56.589333,25.397017,4.0,,0.0,,0,20586,KHOR FAKKAN ANCH,false
755131,9313761,257868000,LAYD8,STELLA,8,1785644035,NO,NORWAY,83,,,,1784736000,KAZ IRAQ,IQ,Tanker,49,47.876656,30.204466,3.0,,0.0,,0,19586,KHOR AL ZUBAIR,false
275823,9279202,314074000,8PQH,TITAN HARMONY,8,1785643967,BB,BARBADOS,68,KHOR FAKKAN,AE,18560,1784728800,KORFAKKAN,AE,Tanker,3,56.570648,25.339596,4.0,4,0.3,,0,20586,KHOR FAKKAN ANCH,false
753358,9280366,306663000,PJAF21,DING XIANG,8,1785644158,CW,CURACAO,34,,,,1784084400,FOR ORDERS,IR,Tanker,219,56.362373,27.029873,4.5,,0.1,,0,20606,BANDAR ABBAS ANCH,false
286574,9508859,636026077,A8HN2,ROTTERDAM ENERGY,8,1785644108,LR,LIBERIA,6,,,,1783587600,FOR ORDERS,OM,Tanker,87,56.850479,24.532022,4.0,,4.3,,0,22481,SOHAR ANCH,false
420945,9102198,350220000,H7ZX26,CLIPPER,8,1785578502,NI,NICARAGUA,29,,,,1785574800,KAZ IRAQ,IQ,Tanker,321,48.718983,29.649981,3.0,,0.0,,0,23159,UMM QASR ANCH,false
2973,9222649,632001163,3X2135,AL SAFA,8,1785585051,GN,GUINEA,94,SHINAS,OM,18580,1785492000,SHINAS,,Tanker,145,56.540001,24.718334,4.0,4,0.0,,0,,,false
184295,9308766,511101460,T8A4829,KANHA,8,1785644088,PW,PALAU,18,HAMRIYA FREE ZONE,AE,1699,1785690000,HAMRIYAH,,Tanker,115,53.602604,26.538237,4.0,4,11.0,2026-08-02 04:00:00,121,,,true
756046,9594872,463065101,AQQU,KHAIRPUR,8,1785644031,PK,PAKISTAN,23,SOHAR,OM,18567,1784833200,OM SOH,OM,Tanker,184,56.718246,24.605942,4.0,4,0.0,,0,22481,SOHAR ANCH,false
754037,9389021,636013374,A8MM6,ARGENTINA B,8,1784499405,LR,LIBERIA,14,BASRAH,IQ,17202,1783972800,BASRA IRAQ,BH,Tanker,96,50.715626,26.180916,3.0,3,0.0,,0,3168,KHALIFA BIN SALMAN,false
414100,9013701,632001168,3X2145,BARAKAH GAS,8,1785425066,GN,GUINEA,36,RAS AL KHAIMAH PORT,AE,18604,1785348000,AE RKT,,Tanker,261,56.870167,24.809502,4.0,4,3.7,,0,,,false
213116,9326067,620800367,D6A4367,TRONE,8,1785591120,KM,COMOROS,5,,,,1785479760,FOR ORDER,,Tanker,59,57.037548,25.841167,4.0,,0.1,,0,,,false
5444022,9273650,352004769,3E7016,SEAWAY,8,1785644139,PA,PANAMA,55,KHOR FAKKAN,AE,18560,1785272400,KFK,AE,Tanker,344,56.621601,25.394417,4.0,4,0.0,,0,20586,KHOR FAKKAN ANCH,false
407305,9520431,511101467,T8A4838,AGRASEN,8,1785643812,PW,PALAU,64,KHOR FAKKAN,AE,18560,1785609360,KFK UAE,AE,Tanker,287,56.480648,25.401529,4.0,4,0.0,2026-08-02 03:46:00,5,20586,KHOR FAKKAN ANCH,true
753623,9301005,306880000,PJAG37,WORLD PERFORMANCE,8,1785643972,CW,CURACAO,76,,,,1773694800,OMAN,,Tanker,122,56.552979,24.813576,4.0,,0.1,,0,,,false
409544,9304655,306267000,PJZ7,VERA,8,1783375068,CW,CURACAO,15,KHOR FAKKAN,AE,18560,1783303200,AE KLF,AE,Tanker,168,56.557758,25.369713,4.0,4,0.2,,0,20586,KHOR FAKKAN ANCH,false
1843,9623685,636026142,A8LU3,ANGOLA B,8,1785602316,LR,LIBERIA,5,,,,1785585600,ORDER,AE,Tanker,137,56.392281,25.193027,4.0,,2.7,,0,790,FUJAIRAH,false
462792,9405617,341938001,V4LI6,M3S X,8,1782903494,KN,SAINT KITTS AND NEVIS,53,KHOR FAKKAN,AE,18560,1784772000,KFK UAE,AE,Tanker,0,56.014999,27.110001,4.0,4,0.4,,0,3146,MUSAFFAH,false
754038,9389564,636013375,A8MM7,ATHINA,8,1785644106,LR,LIBERIA,36,SOHAR,OM,18567,1785672000,SOHAR,OM,Tanker,232,56.779308,24.721148,4.0,4,8.1,,0,22481,SOHAR ANCH,false
712037,9353905,422000102,EPA6425,MARIS,8,1785643976,IR,IRAN,28,KHOR FAKKAN,AE,18560,1784682000,KFK OPL,,Tanker,0,56.966679,25.764727,4.0,4,0.0,,0,,,false
731531,9377420,636026115,A8KK7,PHILIPPINES PROSPERITY,8,1783825130,LR,LIBERIA,17,,,,1784095200,PG FOR ORDERS,AE,Tanker,52,56.749065,25.333973,4.0,,6.0,,0,20586,KHOR FAKKAN ANCH,false
713192,9310161,636024319,5LSA5,RENAD,8,1785644126,LR,LIBERIA,53,FUJAIRAH,AE,790,1785578520,FUJAIRAH,AE,Tanker,173,56.552067,25.150366,4.0,4,0.0,,0,20585,FUJAIRAH ANCH,false
416699,9263916,636022477,5LIZ4,SOYIA,8,1785644097,LR,LIBERIA,83,TANJUNG PELEPAS,MY,1010,1785240000,TANJUNG PELEPAS,,Tanker,43,55.302132,25.751566,4.0,8,0.0,2026-08-01 02:21:00,3238,,,false
8942741,9260275,667002357,9LS2060,KATRAN,8,1784910800,SL,SIERRA LEONE,105,SHINAS,OM,18580,1777942800,SHINAS FOR ORDER,,Tanker,144,56.574894,24.692886,4.0,4,0.1,,0,,,false
374489,9220952,603899000,D3QN1,QUINN,8,1770834545,AO,ANGOLA,25,,,,1773136800,TBO,,Tanker,126,59.837906,23.757668,4.0,,11.5,,0,,,false
302978,9218480,422232000,EPA3021,DOWNY,8,1783494623,IR,IRAN,4,,,,1782480600,FOR ORDER,,Tanker,279,55.011665,26.313242,3.5,,6.3,,0,,,false
212948,9305051,311000493,C6CJ9,MUSIK,8,1785643867,BS,BAHAMAS,34,HAMRIYA FREE ZONE,AE,1699,1784860200,HAMRIYAH,AE,Tanker,71,55.485596,25.472183,4.0,4,0.0,,0,1699,HAMRIYA FREE ZONE,false
711876,9038763,611000265,A2AB61,SAKAI,8,1785644152,BW,BOTSWANA,7,,,,1785236400,KLF AE,AE,Tanker,57,56.583775,25.473555,4.0,,0.0,,0,20586,KHOR FAKKAN ANCH,false
2918,9050187,620800269,D6A4269,POLAR,8,1785643965,KM,COMOROS,74,PORT QASIM,PK,289,,PORT QASIM,,Tanker,116,59.441372,25.156372,4.0,,2.0,2026-08-01 22:36:00,379,,,true
757628,9221970,422160500,EPHE3,SOBAR,8,1783522320,IR,IRAN,14,LARAK,IR,1617,1782244800,LARAK,IR,Tanker,227,56.337833,26.953417,4.5,4,0.8,,0,20606,BANDAR ABBAS ANCH,false
465134,9002908,307030000,P4AT06,OCEAN UNITY,8,1784031494,AW,ARUBA,7,,,,1782694800,OPL,,Tanker,55,49.68544,29.207567,3.0,,0.1,,0,,,false
752609,9007386,307080000,P4AG1,XI WANG MU,8,1784755282,AW,ARUBA,7,,,,1772254800,LPG CHINESE CREW,,Tanker,208,55.070705,25.66186,4.0,,0.1,,0,,,false
230105,8801084,620273000,D6A2273,DUSTIN,8,1785644078,KM,COMOROS,110,,,,1784361600,IRAQI OWNER,IQ,Tanker,276,48.763641,29.6059,3.0,,0.0,,0,23159,UMM QASR ANCH,false
686628,9337171,477242700,VRMH6,COSPEARL LAKE,8,1785644041,HK,HONG KONG,9,FUJAIRAH,AE,790,1785492000,FUJAIRAH,AE,Tanker,314,56.564442,25.17481,4.0,4,0.0,,0,20585,FUJAIRAH ANCH,false
768003,9569683,422206700,EPJE3,DANIEL,8,1771752958,IR,IRAN,2,KHOR FAKKAN,AE,18560,1771612200,KFK,,Tanker,11,56.813587,26.187017,4.0,4,13.6,,0,,,false
755949,9251822,679881006,Z2B892,RIESCO,8,1785643143,ZW,ZIMBABWE,33,KHOR FAKKAN,AE,18560,1785657600,KFK,,Tanker,295,57.807255,25.067966,4.0,4,10.3,2026-08-02 04:04:00,79,,,true
5789851,9826897,636018830,D5RO8,AREIOS,8,1785644278,LR,LIBERIA,85,SHINAS,OM,18580,1785650400,"SHINAS,OMSHI,OMAN",OM,Tanker,296,56.727993,24.743284,4.0,4,5.1,2026-08-02 04:15:00,14,22481,SOHAR ANCH,true
754036,9387566,636013373,A8MM5,BULGARIA PROSPERITY,8,1785644139,LR,LIBERIA,17,,,,1778126400,FOR ORDERS,,Tanker,,50.484188,27.311604,3.0,,0.0,,0,,,false
726319,9250907,632001134,3X2106,FUYAO,8,1785643782,GN,GUINEA,17,KARACHI,PK,288,1784250000,KARACHI,,Tanker,100,60.543854,25.195473,4.0,5,0.0,,0,,,false
730754,9221671,306720000,PJAU21,ORPHIC,8,1785644098,CW,CURACAO,62,KHOR FAKKAN,AE,18560,,KFK OPL,,Tanker,342,56.907814,25.69626,4.0,,0.0,,0,,,false
753622,9300996,306830000,PJCF19,SHEN ZHOU,8,1785408004,CW,CURACAO,37,,,,1785430800,BMS,,Tanker,,50.653099,26.443787,3.0,,0.0,,0,,,false
212004,9275969,538011975,V7A3751,SHT2,8,1785644093,MH,MARSHALL ISLANDS,58,KHOR AL ZUBAIR,IQ,19586,1775500200,IQ KAZ OPL,IQ,Tanker,199,48.75354,29.611227,3.0,3,0.0,,0,23159,UMM QASR ANCH,false
730537,9242481,306731000,PJX22,MIRAAN,8,1785644072,CW,CURACAO,8,SHINAS,OM,18580,1784257200,SHINAS OMAN,,Tanker,260,56.565594,24.803816,4.0,4,0.0,,0,,,false
675790,9005053,603920000,D3Q5O1,AXON I,8,1785521202,AO,ANGOLA,5,KHOR FAKKAN,AE,18560,1785484800,AEKLF,AE,Tanker,121,56.59,25.395,4.0,4,0.0,,0,20586,KHOR FAKKAN ANCH,false
213380,9326809,419001268,AWUU,DESH ABHIMAAN,8,1785644059,IN,INDIA,43,FUJAIRAH,AE,790,1784451600,AE FJR,AE,Tanker,148,56.578766,25.184015,4.0,4,0.0,,0,20585,FUJAIRAH ANCH,false
687957,9392781,538009598,V7A4939,ZEZE START,8,1785614841,MH,MARSHALL ISLANDS,51,,,,1774227600,FOR ORDERS,,Tanker,118,53.97493,25.007971,4.0,,3.7,,0,,,false
714276,9379313,538005167,V7BM3,NEW FUTURE,8,1785644022,MH,MARSHALL ISLANDS,117,FUJAIRAH,AE,790,1785384000,AE FUJ,AE,Tanker,228,56.464294,25.197844,4.0,4,0.0,2026-08-02 04:00:00,9,20585,FUJAIRAH ANCH,true
554974,9418963,352001413,3E2161,RMS 1,8,1769523775,PA,PANAMA,44,HAMRIYA FREE ZONE,AE,1699,,HAMRIYH AE,AE,Tanker,46,55.504517,25.464863,4.0,,0.0,,0,1699,HAMRIYA FREE ZONE,false
707462,9546722,350400000,H7ZD3,OCEANJET,8,1785644166,NI,NICARAGUA,4,,,,1783859400,OPL,,Tanker,175,55.101799,25.613466,4.0,,0.1,,0,,,false
457698,9125126,422231800,EPKG5,CASPIA,8,1785643456,IR,IRAN,25,,,,1774548000,PG PORTS,IR,Tanker,161,56.105148,27.026306,4.5,,0.1,,0,20606,BANDAR ABBAS ANCH,false
368391,9363182,350653000,H7AA3,SIYA,8,1774628095,NI,NICARAGUA,69,,,,1774080000,ALL CREW INDIAN,,Tanker,295,56.932453,25.416166,4.0,,7.0,,0,,,false
159273,9340582,563237200,9V3565,M BRIGIT,8,1785643865,SG,SINGAPORE,106,SOHAR,OM,18567,1785348000,OMSOH,OM,Tanker,240,56.67942,24.590353,4.0,4,0.0,,0,22481,SOHAR ANCH,false
145635,9410870,632001096,3X2071,ROWAN,8,1777763175,GN,GUINEA,44,SUEZ CANAL,EG,17181,1774699200,"SUEZ,EGYPT",,Tanker,252,57.422894,24.930035,4.0,2,6.4,,0,,,false
284799,9395317,636026138,A8LM8,GERMANY B,8,1785644021,LR,LIBERIA,26,,,,1785499200,FOR ORDERS,AE,Tanker,59,54.870369,25.510921,4.0,,0.0,,0,21986,DUBAI ANCH,false
768205,9079107,422075400,EPDN8,NASHA,8,1777023821,IR,IRAN,11,,,,,TO ORDER,,Tanker,351,50.9491,27.965576,3.0,,4.3,,0,,,false
301438,9526461,636026143,A8LV6,SOUTH AFRICA PROSPERITY,8,1785644121,LR,LIBERIA,19,BASRAH,IQ,17202,,SA DMN>IQ BSR,SA,Tanker,59,50.297253,26.611265,3.0,,0.2,,0,22478,DAMMAM ANCH,false
754902,9460136,538010229,V7A5780,P.ALIKI,8,1785644175,MH,MARSHALL ISLANDS,0,FUJAIRAH,AE,790,1785664800,PK PHI>AE FJR,,Tanker,300,57.30442,24.958199,4.0,4,8.3,2026-08-02 04:06:00,51,,,true
156119,9121699,511100684,T8A3872,PYLON,8,1783778961,PW,PALAU,143,KHOR FAKKAN,AE,18560,1783216800,KFK OPL,AE,Tanker,89,56.709167,25.510666,4.0,4,0.0,,0,20586,KHOR FAKKAN ANCH,false
755099,9487263,636014944,A8XN9,YAMILAH III,8,1783697135,LR,LIBERIA,25,FUJAIRAH,AE,790,1783440000,AE FJR,,Tanker,101,54.902992,25.609289,4.0,4,13.1,,0,,,false
714656,9238284,352004952,3E7170,BRIZO,8,1785643872,PA,PANAMA,20,KHOR FAKKAN,AE,18560,,AE KLF,AE,Tanker,335,56.44384,25.388479,4.0,,0.0,,0,20586,KHOR FAKKAN ANCH,false
686158,9380532,636023670,5LOV6,SEA LA DONNA,8,1785643677,LR,LIBERIA,117,,,,1785553200,FOR ORDERS,,Tanker,97,50.921425,27.223349,3.0,,0.0,,0,,,false
758562,9482861,563256900,9VDC9,NAVIG8 MONTIEL,8,1785597115,SG,SINGAPORE,70,KHOR AL ZUBAIR,IQ,19586,1785474000,IQ KAZ,IQ,Tanker,304,47.890816,30.187201,3.0,3,0.0,,0,19586,KHOR AL ZUBAIR,false
6008690,9771028,636019175,D5TH2,PEACE VICTORIA,8,1785644111,LR,LIBERIA,51,RAS TANURA,SA,1665,1781771400,SARTA,,Tanker,23,50.208012,27.296841,3.0,3,0.2,,0,,,false
755101,9487275,636014947,A8XO4,MEZAIRA'A,8,1785643984,LR,LIBERIA,20,,,,1785220200,SOHR OMAN,OM,Tanker,,56.632252,24.496855,4.0,,0.0,,0,18567,SOHAR,false
206044,9293325,636024530,5LTA9,VALENCIA,8,1785644013,LR,LIBERIA,142,AL HAMRIYA,AE,26292,1784347200,AE HAM,AE,Tanker,,55.311665,25.55732,4.0,4,0.0,,0,21985,SHARJAH ANCH,false
371124,9255933,314001038,TJM0158,JIN LI,8,1778111325,BB,BARBADOS,43,SOHAR,OM,18567,1772355600,SOHAR,,Tanker,319,58.0868,24.428484,4.0,4,0.8,,0,,,false
6714771,9203265,611000248,A2AB50,VORAS,8,1783372518,BW,BOTSWANA,5,KHOR FAKKAN,AE,18560,1781935200,AEKLF,AE,Tanker,230,56.576427,25.380785,4.0,4,0.1,,0,20586,KHOR FAKKAN ANCH,false
206343,9510591,470002000,A6E2029,MONJASA SHAKER,8,1785357319,AE,UNITED ARAB EMIRATES,47,PORT RASHID,AE,104,1785481200,AEDXB,AE,Tanker,240,56.365852,25.36528,4.0,4,8.6,,0,18560,KHOR FAKKAN,false
707529,9546710,350610000,H7XJ1,UDAY,8,1785644135,NI,NICARAGUA,2,AL HAMRIYA,AE,26292,1785506400,AEHAM,,Tanker,196,55.062389,25.595741,4.0,4,0.0,,0,,,false
159570,9318333,314233000,8PTO,TAILOGY,8,1785643984,BB,BARBADOS,130,SOHAR,OM,18567,,SOHAR,OM,Tanker,49,56.769985,24.561741,4.0,,0.0,2026-08-02 03:52:00,4,22481,SOHAR ANCH,true
375125,9268112,629009588,C5J690,OLIA,8,1768820350,GM,GAMBIA,49,,,,-2208988800,KAZ,,Tanker,148,50.749313,28.064699,3.0,,9.6,,0,,,false
681983,9494204,470848000,A6E3011,UMM AL LULU I,8,1785644052,AE,UNITED ARAB EMIRATES,1,FUJAIRAH,AE,790,1785567600,AE FJR,AE,Tanker,110,54.327335,24.798983,4.0,4,0.0,2026-08-02 03:49:00,258,22682,ABU DHABI ANCH,true
460613,9041643,306745000,PJQ10,ARGO MARIS,8,1785519298,CW,CURACAO,2,,,,1785240000,PSQ OMAN,OM,Tanker,95,58.568867,23.629786,4.0,,0.0,,0,18585,MUSCAT,false
410627,9233973,511101749,TZAX26,NEBULA DRIFT,8,1776084363,PW,PALAU,61,DIBBA,AE,18570,1775890800,,IR,Tanker,250,52.477474,27.542961,4.5,4,0.2,,0,21940,ASALUYEH ANCH,false
713095,9417490,306295000,PJB9,ARABIAN ENERGY,8,1785644162,CW,CURACAO,8,MUSCAT,OM,18585,1785168000,MUSCAT,,Tanker,328,56.908798,24.885605,4.0,4,1.1,2026-08-01 15:58:00,0,,,false
372304,9267962,611000278,A2AB78,HOOT,8,1785644050,BW,BOTSWANA,44,KHOR FAKKAN,AE,18560,1784485800,AE KLF,AE,Tanker,,56.715839,25.383055,4.0,4,0.0,,0,20586,KHOR FAKKAN ANCH,false
753191,9256937,314210000,3FYB3,SEA ADORE,8,1785644183,BB,BARBADOS,41,SHINAS,OM,18580,1783648800,SHINAS,OM,Tanker,0,56.668194,24.715504,4.0,4,0.0,,0,22481,SOHAR ANCH,false
712380,9329758,314001149,8PPG,SEA 1,8,1785644065,BB,BARBADOS,42,KHOR FAKKAN,AE,18560,1785387600,AE KLF,AE,Tanker,298,56.494061,25.336147,4.0,4,0.1,,0,20586,KHOR FAKKAN ANCH,false
675988,9329708,447163000,9KEH,AL JABRIYAH II,8,1779404617,KW,KUWAIT,33,SOHAR,OM,18567,1778432400,OM SOH,,Tanker,26,57.038399,24.744234,4.0,4,1.2,,0,,,false
300012,9585883,255804740,CQKU,MONTESTENA,8,1785643840,PT,PORTUGAL,57,FUJAIRAH,AE,790,1784520000,AEFJR,AE,Tanker,160,56.545208,25.20529,4.0,4,0.0,,0,20585,FUJAIRAH ANCH,false
754035,9387578,314161000,8PQV,NUSHEN,8,1785644051,BB,BARBADOS,30,KHOR FAKKAN,AE,18560,1769817660,AE KLF,AE,Tanker,3,56.523746,25.348101,4.0,4,0.1,,0,20586,KHOR FAKKAN ANCH,false
407726,9256999,538011222,V7A6819,ST1,8,1785644081,MH,MARSHALL ISLANDS,12,,,,1769947200,KAZ IRAQ OPL,,Tanker,159,48.792648,29.592899,3.0,,0.0,,0,,,false
754304,9386304,350606000,H7XF1,GAS ELIOT,8,1785644108,NI,NICARAGUA,32,KHOR FAKKAN,AE,18560,1782777660,AE KLF,,Tanker,180,56.887165,24.523645,4.0,4,0.0,,0,,,false
714142,9638551,538005015,V7AK4,NAVE RIGEL,8,1785644183,MH,MARSHALL ISLANDS,37,RAS TANURA,SA,1665,1784624400,SARTA,SA,Tanker,69,50.240406,26.660341,3.0,3,0.0,,0,22478,DAMMAM ANCH,false
194587,9433901,636017986,D5NR3,KIZOMBA,8,1785613146,LR,LIBERIA,75,SOHAR,OM,18567,1785574800,SOHAR FOR ORDERS,OM,Tanker,199,56.661667,24.57,4.0,4,0.0,,0,22481,SOHAR ANCH,false
407161,9159282,518998204,E5U4182,BITUMEN STAR,8,1785643994,CK,COOK ISLANDS,33,KHOR FAKKAN,AE,18560,1785245400,KFK UAE,AE,Tanker,175,56.523739,25.38485,4.0,4,0.0,,0,20586,KHOR FAKKAN ANCH,false
411664,9031894,518100907,E5U3818,NOBLE ONE,8,1785644076,CK,COOK ISLANDS,3,,,,1785507480,"KAZ,IQ",IQ,Tanker,255,47.882454,30.197153,3.0,,0.0,,0,19586,KHOR AL ZUBAIR,false
461391,9320831,257912000,LAYF8,ALRAYA,8,1785643998,NO,NORWAY,13,SOHAR,OM,18567,1785342060,SOHAR,OM,Tanker,348,56.696995,24.559692,4.0,4,0.0,2026-08-02 03:54:00,4,22481,SOHAR ANCH,true
150143,9395305,636026083,A8HW7,MALAYSIA PROSPERITY,8,1785615904,LR,LIBERIA,21,SOHAR,OM,18567,,OM SOH,,Tanker,21,57.032959,25.316723,4.0,,1.2,,0,,,false
754459,9215115,671549100,5VJJ5,BLUE STAR I,8,1785643884,TG,TOGO,32,SHINAS,OM,18580,1782446400,OMAN SHINAS,OM,Tanker,301,56.571785,24.732946,4.0,4,0.1,,0,26490,SHINAS ANCH,false
708679,9327114,636026255,A8PR3,BAHAMAS PROSPERITY,8,1785644175,LR,LIBERIA,23,,,,1784854800,FOR ORDERS,,Tanker,,53.711945,25.724602,4.0,,0.0,,0,,,false
4773097,9735373,354264000,3FQW3,GEM NO.2,8,1785644071,PA,PANAMA,5,,,,1779361200,FOR ORDERS,,Tanker,128,55.599945,25.79591,4.0,,0.0,,0,,,false
385323,9408798,314908000,8P2376,MALED,8,1785643822,BB,BARBADOS,109,MUSCAT,OM,18585,1785585600,OMOPQ,OM,Tanker,213,58.399426,23.684643,4.0,4,0.1,2026-08-02 04:00:00,8,22797,MINA AL FAHL ANCH,true
758638,9257503,422859600,EPA4290,ATLANTIS II,8,1785551718,IR,IRAN,26,,,,1778195880,005,IR,Tanker,344,56.360554,26.919365,4.5,,0.0,,0,20606,BANDAR ABBAS ANCH,false
713979,9602916,256727000,9HA5950,SEAKING,8,1785644160,MT,MALTA,20,SOHAR,OM,18567,1785585600,OMSOH,,Tanker,87,56.851868,24.531557,4.0,4,4.3,,0,,,false
756335,9147447,750385000,8RGY2,TAVIAN,8,1730200453,GY,GUYANA,33,KHOR FAKKAN,AE,18560,1726401600,KHORFAKKAN,,Tanker,315,49.090088,29.528076,3.0,4,0.0,,0,,,false
279353,9158240,663267000,6WH3DG,SUHA,8,1785644115,SN,SENEGAL,42,SHINAS,OM,18580,1785546000,SHINAZ,,Tanker,0,56.951393,25.099344,4.0,4,0.8,2026-08-01 19:06:00,0,,,false
659517,9424285,425000001,HNAD,DIJLAH,8,1785644075,IQ,IRAQ,1,,,,1785692340,KAB OPL ANCHORAGE,IQ,Tanker,273,48.722126,29.620068,3.0,,0.1,,0,23159,UMM QASR ANCH,false
157444,9274654,538009156,V7A4391,TONDA,8,1785643953,MH,MARSHALL ISLANDS,199,,,,1783936800,CN OWNER & CREW,,Tanker,202,50.285553,27.387844,3.0,,0.0,,0,,,false
462897,9427146,314151000,8PQL,SHIVA,8,1785644113,BB,BARBADOS,12,KHOR FAKKAN,AE,18560,1783054800,"KFK,UAE",,Tanker,289,59.149414,24.379496,4.0,4,8.8,,0,,,false
727546,9418066,636026120,A8JL3,PERU PROSPERITY,8,1785644037,LR,LIBERIA,16,RAS TANURA,SA,1665,1785690000,RASTANURA,,Tanker,107,51.594296,27.182154,3.0,3,0.0,2026-07-31 17:41:00,0,,,false
659518,9435428,425000002,HNFT,ALFORAT,8,1785590006,IQ,IRAQ,4,,,,1782842400,KH.ABD OPL,IQ,Tanker,12,48.741905,29.608673,3.0,,0.0,,0,23159,UMM QASR ANCH,false
768157,9187631,422056600,EPCT3,APAMA,8,1760452557,IR,IRAN,2,,,,1758628800,FOR ORDER,IR,Tanker,,50.420654,29.306364,3.5,,0.2,,0,22723,KHARK ANCH,false
121889,9334571,419001959,ATBG2,SANMAR SUPARNA,8,1785644113,IN,INDIA,95,,,,1784923200,INDIAN CREW/FLAG,QA,Tanker,100,51.648849,24.903851,3.0,,0.0,,0,22441,MESAIEED ANCH,false
675958,9534779,447131000,9KBU,DAR SALWA,8,1780436960,KW,KUWAIT,28,,,,1780439400,KW MAA,KW,Tanker,46,48.260078,29.127373,3.0,,0.0,,0,3191,MINA AL AHMADI,false
768123,9187655,422181000,EPA3000,ARK III,8,1769610440,IR,IRAN,3,,,,1766838600,PG,,Tanker,340,56.787872,26.38818,4.0,,10.3,,0,,,false
158297,9228590,470404000,A6E2147,SANA,8,1752582968,AE,UNITED ARAB EMIRATES,265,BASRAH,IQ,17202,1701367200,BASRAH,AE,Tanker,,54.467594,24.312845,4.0,3,0.0,,0,3146,MUSAFFAH,false
462587,9391775,372324000,3FUN4,BASRAH ENERGY,8,1782677641,PA,PANAMA,17,JEBEL DHANNA,AE,18613,1782712800,JEBEL DHANNA,,Tanker,191,52.959202,24.849899,4.0,4,8.3,,0,,,false
204320,9307982,538008097,V7AS7,IDI,8,1785643872,MH,MARSHALL ISLANDS,61,KHOR FAKKAN,AE,18560,1785405600,KHOR FAKKAN,AE,Tanker,3,56.600433,25.388067,4.0,4,0.0,,0,20586,KHOR FAKKAN ANCH,false
858826,9690834,538005510,V7EP7,STI ORCHARD,8,1785644027,MH,MARSHALL ISLANDS,32,RAS TANURA,SA,1665,1785610800,SARTA,SA,Tanker,91,50.230721,26.678698,3.0,3,0.0,2026-08-02 03:52:00,4,22478,DAMMAM ANCH,true
659520,9345221,425000004,HNBD,BAGHDAD,8,1785644140,IQ,IRAQ,6,UMM QASR,IQ,1008,1785656160,UMM QASR ANCHORAGE,IQ,Tanker,331,48.748302,29.651974,3.0,3,0.0,,0,23159,UMM QASR ANCH,false
461232,9294252,371687000,3EDW5,NEW ANDROS,8,1785644041,PA,PANAMA,9,,,,,"KAZ OPL,IRAQ",,Tanker,353,48.766521,29.592844,3.0,,0.1,,0,,,false
369038,9208227,620800513,D6A4513,SOGL,8,1785644069,KM,COMOROS,7,SOHAR,OM,18567,1784700000,SOHAR,OM,Tanker,340,56.696602,24.551449,4.0,4,0.0,,0,22481,SOHAR ANCH,false
712576,9460459,538003277,V7PS4,SONGA DIAMOND,8,1785644133,MH,MARSHALL ISLANDS,110,SALALAH,OM,2732,,SALALAH,,Tanker,138,59.470772,23.084085,4.0,,9.6,2026-08-02 04:15:00,569,,,true
414030,9329796,352002628,3E4953,KIKU,8,1785643966,PA,PANAMA,28,FUJAIRAH,AE,790,1785578400,AE FJR,AE,Tanker,71,56.583786,25.162413,4.0,4,0.1,,0,20585,FUJAIRAH ANCH,false
407047,9229233,351143000,H9XZ,ARD HORIZON,8,1785644134,PA,PANAMA,31,FREE PORT,AE,18833,1778756400,AEMZD,AE,Tanker,,54.218399,24.729094,4.0,4,0.0,,0,22682,ABU DHABI ANCH,false
149735,9501150,538004633,V7YD5,CARIBBEAN LOYALTY,8,1785644084,MH,MARSHALL ISLANDS,24,MUSCAT,OM,18585,1785529200,MUSCAT FOR ORDER,,Tanker,300,58.963646,24.069805,4.0,4,0.8,2026-08-01 16:29:00,0,,,false
757703,9298325,311001921,C6JN7,BURG STAR,8,1785643872,BS,BAHAMAS,81,SOHAR,OM,18567,1784797200,SOHAR,AE,Tanker,333,56.578201,25.641754,4.0,4,0.1,,0,20586,KHOR FAKKAN ANCH,false
674459,9554822,620800064,D6A4064,VELIX,8,1785644000,KM,COMOROS,11,KHOR FAKKAN,AE,18560,,KFK UAE,,Tanker,22,56.939499,25.80295,4.0,,0.0,,0,,,false
346469,9256901,636018400,D5PM6,VAUGHAN,8,1785643872,LR,LIBERIA,66,KHOR FAKKAN,AE,18560,1784318760,KFK,AE,Tanker,17,56.561054,25.372049,4.0,4,0.2,,0,20586,KHOR FAKKAN ANCH,false
5449002,9554834,422999983,EPA6407,XARON,8,1785643955,IR,IRAN,8,KHOR FAKKAN,AE,18560,1784952000,KFK OPL,,Tanker,205,57.020802,25.765936,4.0,4,0.0,,0,,,false
410881,9375238,538010945,V7A6348,OCEAN LOYALTY,8,1785644115,MH,MARSHALL ISLANDS,24,,,,,FORORDERS,AE,Tanker,276,56.884239,25.418329,4.0,,0.5,,0,20586,KHOR FAKKAN ANCH,false
721861,9430715,306077000,PJZZ03,LUMINA OCEAN,8,1785644059,CW,CURACAO,5,,,,1783810800,KAZ IRAQ,IQ,Tanker,322,48.760033,29.619957,3.0,,0.0,,0,23159,UMM QASR ANCH,false
757483,9258466,305010400,V2C2010,ASHLEY,8,1785644102,AG,ANTIGUA AND BARBUDA,21,,,,1785204000,IRAQI OWNER,OM,Tanker,140,56.552921,24.744003,4.0,,0.0,,0,26490,SHINAS ANCH,false
5983111,9853852,538008314,V7A2227,NISSOS KYTHNOS,8,1785644211,MH,MARSHALL ISLANDS,22,AL SHAHEEN,QA,26248,1785013260,AEFJR>>>QAASN,,Tanker,152,51.905907,26.676195,3.0,3,0.2,,0,,,false
712980,9411953,636020555,D5ZS8,BALTIC LOYALTY,8,1785644081,LR,LIBERIA,14,SOHAR,OM,18567,1784509200,SOHAR,OM,Tanker,231,56.706181,24.523041,4.0,4,0.0,,0,22481,SOHAR ANCH,false
194690,9390953,563146100,9V7458,LEONORA KOSAN,8,1785644103,SG,SINGAPORE,26,SHARJAH,AE,103,1785330000,MINA KHALID-UAE,AE,Tanker,261,55.384762,25.370157,4.0,4,0.0,,0,103,SHARJAH,false
415861,9490325,258105000,LATA8,BOW ENDEAVOR,8,1785644133,NO,NORWAY,124,SOHAR,OM,18567,1785699000,PK BQM >> OM SOH,,Tanker,280,60.346134,23.774267,4.0,4,14.0,2026-08-02 04:07:00,211,,,true
4155917,9709075,636026114,A8KG9,MOZAMBIQUE B,8,1785644221,LR,LIBERIA,14,FUJAIRAH,AE,790,1785656880,AE FJR,,Tanker,336,56.828495,24.895231,4.0,4,0.6,2026-08-02 03:07:00,21,,,true
711728,9286554,352001529,3E2536,LUCKY CHEM,8,1785644078,PA,PANAMA,143,KHOR FAKKAN,AE,18560,1785081600,AE KLF,AE,Tanker,335,56.416874,25.40542,4.0,4,0.1,,0,20586,KHOR FAKKAN ANCH,false
713326,9524970,403499000,HZML,WEDYAN,8,1784916879,SA,SAUDI ARABIA,17,,,,1783605600,FOR ORDERS,,Tanker,313,60.304207,22.666096,4.0,,12.6,,0,,,false
704923,9133109,350007621,H6ATPS,RAJANI GAS,8,1785644145,NI,NICARAGUA,14,,,,1784509200,AE KFK,,Tanker,177,56.973248,25.615643,4.0,,0.1,,0,,,false
711812,9232620,422999974,EPA6397,PIONEER SAM,8,1773931549,IR,IRAN,12,KHOR FAKKAN,AE,18560,,KFK\OPL,,Tanker,12,56.909874,25.284189,4.0,,48.2,,0,,,false
729271,9269245,352001515,3E2526,BLUE STAR II,8,1785644121,PA,PANAMA,63,KHOR FAKKAN,AE,18560,1784143800,AE KLF,AE,Tanker,297,56.445881,25.374149,4.0,4,0.0,,0,20586,KHOR FAKKAN ANCH,false
410694,9154000,620800008,D6O4008,THEMIR,8,1785643747,KM,COMOROS,14,KHOR FAKKAN,AE,18560,1784988000,AE KLF,AE,Tanker,277,56.48204,25.392878,4.0,4,0.0,2026-08-02 03:59:00,7,20586,KHOR FAKKAN ANCH,true
167165,9280146,352004277,3E7760,ZAYA,8,1785644064,PA,PANAMA,71,,,,1785182400,HAM UAE,AE,Tanker,0,55.368484,25.528816,4.0,,0.0,,0,21985,SHARJAH ANCH,false
755559,9406659,636015522,D5BH9,SESTREA,8,1785644133,LR,LIBERIA,27,FUJAIRAH,AE,790,1785693600,AE FJR F.O,,Tanker,302,57.605595,24.706614,4.0,4,17.2,2026-08-02 03:49:00,77,,,true
753019,9194969,550167029,7SL752,OCEAN 11,8,1785644079,TL,TIMOR LESTE,10,KHOR FAKKAN,AE,18560,,KFK,,Tanker,265,56.98,25.169003,4.0,,0.3,,0,,,false
285427,9198305,352004923,3E7144,OCEAN JEWEL,8,1785643948,PA,PANAMA,26,SINGAPORE,SG,290,1784908800,SINGAPORE,AE,Tanker,219,56.646069,25.4363,4.0,8,0.0,2026-08-02 03:49:00,3315,20586,KHOR FAKKAN ANCH,true
373559,9142502,620999994,D6A3994,A3R H,8,1785643810,KM,COMOROS,24,SHINAS,OM,18580,1785571200,SHINAS OM,OM,Tanker,302,56.571152,24.76277,4.0,4,0.2,,0,26490,SHINAS ANCH,false
755945,9594884,463064101,AQQT,BOLAN,8,1785644084,PK,PAKISTAN,44,FUJAIRAH,AE,790,1784476800,FUJAIRAH UAE,AE,Tanker,337,56.545761,25.194258,4.0,4,0.0,,0,20585,FUJAIRAH ANCH,false
712878,9387152,350155000,H7ZQ11,OCEAN WAVE,8,1785644133,NI,NICARAGUA,4,,,,1785610800,KAZ IRAQ,IQ,Tanker,312,47.884106,30.194981,3.0,,0.0,,0,19586,KHOR AL ZUBAIR,false
6953781,9920758,538009321,V7A4593,NISSOS KEA,8,1785325483,MH,MARSHALL ISLANDS,10,,,,1784413800,FOR ORDERS,,Tanker,248,53.180225,26.302639,4.0,,11.3,,0,,,false
5432144,9360398,314101000,8POW,Y L W,8,1785644247,BB,BARBADOS,22,DURBAN,ZA,452,,DURBAN SA,,Tanker,173,60.029705,22.079529,4.0,,6.8,2026-08-02 03:55:00,3621,,,true
659519,9322140,425000003,HNSA,SHATT AL ARAB,8,1785643922,IQ,IRAQ,14,,,,1782991080,KAB,IQ,Tanker,32,48.764999,29.63862,3.0,,0.0,,0,23159,UMM QASR ANCH,false
714690,9290579,311002279,C6LK2,NEW VOYAGE,8,1785644149,BS,BAHAMAS,73,AL HAMRIYA,AE,26292,,AEHAM,,Tanker,90,52.070202,25.782759,3.0,,9.1,,0,,,false
304594,9155767,668116360,S9A3160,HSIN OCEAN,8,1785244165,ST,SAO TOME AND PRINCIPE,130,,,,1784730600,FOR ORDER,,Tanker,331,49.105801,29.244337,3.0,,11.3,,0,,,false
730593,9326914,314104000,8POZ,BAM SANDY,8,1785644083,BB,BARBADOS,115,SOHAR,OM,18567,1785632400,SOHAR OMAN,OM,Tanker,36,56.629345,24.495132,4.0,4,0.0,,0,18567,SOHAR,false
213562,9240706,351716000,H9WP,SEA HEART,8,1785644074,PA,PANAMA,61,,,,1785587400,P S Q OMAN,OM,Tanker,171,58.395699,23.703283,4.0,,0.0,,0,22797,MINA AL FAHL ANCH,false
713988,9478729,538004832,V7ZI2,ASPROUDA,8,1785643927,MH,MARSHALL ISLANDS,34,RAS TANURA,SA,1665,1785571200,RAS TANNURAH,SA,Tanker,222,50.1679,26.652004,3.0,3,0.0,,0,1665,RAS TANURA,false
9735115,9208069,750649000,8RZD27,SERICA,8,1785644069,GY,GUYANA,15,SHINAS,OM,18580,1784289600,SHINAS ANCHORAGE,,Tanker,220,56.549026,24.830181,4.0,4,0.0,,0,,,false
417318,9308778,650000126,C9NA77,AMIL,8,1785643945,MZ,MOZAMBIQUE,12,,,,1784318400,TBA,,Tanker,228,57.160801,25.920324,4.0,,0.1,,0,,,false
754303,9462990,511101927,T8A5458,NORTHERN STAR,8,1785644137,PW,PALAU,5,KHOR FAKKAN,AE,18560,1784880000,KFK UAE,AE,Tanker,315,56.503368,25.415283,4.0,4,0.0,2026-08-02 04:00:00,3,20586,KHOR FAKKAN ANCH,true
680972,9380324,470458000,A6E2551,AL SAMHA,8,1785644141,AE,UNITED ARAB EMIRATES,2,HAMM,DE,20514,1785645000,AE HAMM,,Tanker,85,55.089031,25.645916,4.0,2,10.3,,0,,,false
462699,8912558,613467106,TJM0150,TULIP,8,1785644092,CM,CAMEROON,3,SHINAS,OM,18580,1784116800,SHINAS OMAN,,Tanker,3,57.025345,25.34692,4.0,4,0.5,,0,,,false
755187,9577111,538010840,V7A7496,SILVERLIGHT,8,1785643972,MH,MARSHALL ISLANDS,26,SHINAS,OM,18580,1785096000,OMSHI,,Tanker,156,56.531582,24.728472,4.0,4,0.0,,0,,,false
726229,9534004,636020369,D5YW9,EGYPT PROSPERITY,8,1783938488,LR,LIBERIA,42,,,,1767398400,,,Tanker,120,52.899784,26.392193,4.0,,9.8,,0,,,false
674047,9440289,511100342,T8A3465,TEJASVI,8,1785301838,PW,PALAU,4,SHINAS,OM,18580,1785315600,SHINAS-OMAN,,Tanker,0,56.899925,25.817268,4.0,4,0.4,,0,,,false
675963,9534808,447143000,9KBQ,AL RIQQA,8,1780249721,KW,KUWAIT,20,MINA AL AHMADI,KW,3191,1777348800,KWMEA,KW,Tanker,30,48.345772,29.12722,3.0,3,0.0,,0,3191,MINA AL AHMADI,false
1652,9414931,636026124,A8KQ8,TANZANIA PROSPERITY,8,1785644109,LR,LIBERIA,6,BASRAH,IQ,17202,1785261600,IQBSR,,Tanker,138,49.914715,28.83576,3.0,3,9.3,,0,,,false
755087,9489039,629009508,C5J610,LIWA V,8,1784939283,GM,GAMBIA,10,DONGJIAKOU,CN,23205,1785654000,DONGJIAKOU,,Tanker,186,52.954792,24.852051,4.0,8,12.5,2026-07-25 01:26:00,6158,,,true
475519,9332030,403573000,HZZK,AL BARRAH,8,1784793533,SA,SAUDI ARABIA,6,JEBEL ALI,AE,102,1784730600,AE JEA,AE,Tanker,160,55.0513,25.006639,4.0,4,0.0,,0,102,JEBEL ALI,false
714687,9246803,374176000,3EMI9,SWIFT FALCON,8,1785644078,PA,PANAMA,65,,,,1785225600,HAM AE,AE,Tanker,,55.481735,25.467251,4.0,,0.0,,0,1699,HAMRIYA FREE ZONE,false
757062,9040883,620800301,D6A4301,RAY GAS,8,1785644108,KM,COMOROS,44,SHINAS,OM,18580,1784613600,OMSHI,,Tanker,52,56.601494,24.749569,4.0,4,0.0,,0,,,false
421082,9451460,538009109,V7A4329,ATAHUALPA,8,1785644090,MH,MARSHALL ISLANDS,59,SOHAR,OM,18567,1785542460,OMSOH,OM,Tanker,191,56.656933,24.627533,4.0,4,0.0,2026-08-02 03:54:00,2,22481,SOHAR ANCH,true
370413,9102277,620999528,D6A3529,ITAUGUA,8,1753528452,KM,COMOROS,2,,,,1774602900,OFFSHORE FOR ORDER,,Tanker,126,59.545219,23.643753,4.0,,10.5,,0,,,false
419320,9273832,356773000,HPWV,EPIK,8,1785644125,PA,PANAMA,54,HAMRIYA FREE ZONE,AE,1699,1785668400,HAMRIYAH,,Tanker,113,53.521122,26.367451,4.0,4,4.9,2026-08-02 03:54:00,117,,,true
754554,9340635,477215300,VRXK2,TORKEL,8,1784120115,HK,HONG KONG,13,,,,1783671120,HIGH SEA,QA,Tanker,306,51.794525,25.887991,3.0,,0.0,,0,21918,RAS LAFFAN ANCH,false
676011,9653446,447187000,9KFM,AL DASMA,8,1779122480,KW,KUWAIT,40,SHUWAIKH,KW,252,1771779600,KUWAIT FLAG VSSL,AE,Tanker,193,54.881199,25.514765,4.0,3,0.0,,0,21986,DUBAI ANCH,false
408217,9571038,538009683,V7A5038,VELOS AMBER,8,1785644154,MH,MARSHALL ISLANDS,105,JEBEL ALI,AE,102,,JEBEL ALI UAE,,Tanker,296,58.357494,24.301256,4.0,,6.3,2026-08-02 04:15:00,314,,,true
369333,9324100,305081300,V2B2081,VADIN,8,1785350494,AG,ANTIGUA AND BARBUDA,19,JEBEL ALI,AE,102,1784800800,JABEL ALI,AE,Tanker,161,56.594067,25.36809,4.0,4,0.1,,0,20586,KHOR FAKKAN ANCH,false
375520,9305403,636017775,D5MQ9,BRAVO,8,1785644100,LR,LIBERIA,80,AL HAMRIYA,AE,26292,1784433600,AE HAM,AE,Tanker,349,55.493191,25.474236,4.0,4,0.0,,0,1699,HAMRIYA FREE ZONE,false
787392,9297436,259271000,LACD9,FELICITY,8,1785644045,NO,NORWAY,12,SOHAR,OM,18567,1785445200,"SOHAR,OMAN",,Tanker,0,55.822712,26.030491,4.0,4,0.0,2026-08-01 22:44:00,140,,,true
686817,9275995,625014001,E3CD,STARLIGHT,8,1785625884,ER,ERITREA,35,,,,1781827800,ORDERS,,Tanker,244,47.164734,28.637314,3.0,,0.0,,0,,,false
6552044,9887372,636020364,D5YW4,SOLAR ROMA,8,1785644194,LR,LIBERIA,26,MESAIEED,QA,957,1785630600,QA UMS,QA,Tanker,172,51.963745,25.336735,3.0,3,0.0,2026-08-01 22:06:00,0,21902,DOHA ANCH,false
465915,9120994,422231200,EPKF7,DEVREZ,8,1782924799,IR,IRAN,22,,,,,PARS,IR,Tanker,304,56.105228,27.042923,4.5,,0.0,,0,20606,BANDAR ABBAS ANCH,false
708667,9292979,538012984,V7B3585,AGAPY,8,1785585191,MH,MARSHALL ISLANDS,30,SUEZ CANAL,EG,17181,,SUEZ,AE,Tanker,122,56.664867,25.31193,4.0,,13.3,2026-08-01 12:00:00,9152,20585,FUJAIRAH ANCH,true
463896,9337391,372939000,3ELG3,ATHENS VOYAGER,8,1785644021,PA,PANAMA,45,FUJAIRAH,AE,790,1785520800,FUJAIRAH,AE,Tanker,31,56.5121,25.178766,4.0,4,0.0,,0,20585,FUJAIRAH ANCH,false
204667,9134828,352002500,3E2653,DENIZ,8,1713183169,PA,PANAMA,221,FUJAIRAH,AE,790,1707699600,FUJAIRAH UAE,IQ,Tanker,313,47.885765,30.192774,3.0,4,0.0,,0,19586,KHOR AL ZUBAIR,false
9740740,9254422,307203000,P4CXU,CORAL WAVE,8,1785644403,AW,ARUBA,212,SHINAS,OM,18580,1784176200,SHINAS,,Tanker,308,56.699638,24.857773,4.0,4,0.6,,0,,,false
417211,9406166,210761000,5BZW6,GRAND LADY,8,1780844894,CY,CYPRUS,21,,,,1779296400,FOR ORDERS,,Tanker,109,54.521999,25.912289,3.5,,,,0,,,false
1042784,9240914,518998388,E5U4368,CHEM,8,1785246705,CK,COOK ISLANDS,27,,,,-2208988800,BASARA,IR,Tanker,,50.694595,28.970936,4.5,,0.1,,0,22782,BUSHEHR ANCH,false
673639,9139696,613003592,TJMC178,G SILVER,8,1785643888,CM,CAMEROON,11,SOHAR,OM,18567,1785627000,SOHAR,OM,Tanker,206,56.687653,24.664776,4.0,4,0.0,,0,22481,SOHAR ANCH,false
715882,9228655,268261701,T7EC8,LUCIA A,8,1785643990,SM,SAN MARINO,42,KHOR FAKKAN,AE,18560,1785657600,KHAWR FAKKAN,AE,Tanker,109,56.563015,25.396851,4.0,4,0.2,2026-08-02 03:48:00,3,20586,KHOR FAKKAN ANCH,true
711682,9308089,311001888,C6JJ6,DE XI,8,1785644155,BS,BAHAMAS,42,,,,1783382400,OPL,,Tanker,352,56.896614,24.962133,4.0,,1.0,,0,,,false
676014,9653410,447190000,9KFP,AL DERWAZAH,8,1779597910,KW,KUWAIT,8,FUJAIRAH,AE,790,1778367600,FUJAIRAH OPL,,Tanker,326,57.155869,24.945412,4.0,4,0.3,,0,,,false
475439,9595644,403527001,HZEY,NCC FAJR,8,1785644132,SA,SAUDI ARABIA,7,FUJAIRAH,AE,790,1784178000,AE FJR,,Tanker,339,57.079906,25.12166,4.0,4,1.2,,0,,,false
755098,9487251,636014943,A8XN8,DIYYINAH I,8,1783521580,LR,LIBERIA,8,RUWAIS,AE,1695,1783540860,AE RUW,,Tanker,195,52.958199,24.861107,4.0,4,13.8,,0,,,false
753863,9316593,352001463,3E2482,PS PELICAN,8,1785643924,PA,PANAMA,84,KHOR FAKKAN,AE,18560,1784332800,AEKLF,AE,Tanker,91,56.486786,25.408937,4.0,4,0.1,,0,20586,KHOR FAKKAN ANCH,false
3504826,9251597,351932000,HPEG,NEW DYNASTY,8,1785643925,PA,PANAMA,18,,,,1772146800,"KAZ OPL,IRAQ",,Tanker,143,48.779209,29.606911,3.0,,0.0,,0,,,false
369411,9330020,511101102,T8A4356,SKYLIGHT,8,1772334111,PW,PALAU,64,SHARJAH,AE,103,1771743600,SHARJAH 'A' ANCH,OM,Tanker,270,56.266388,26.288021,4.0,4,0.0,,0,24386,KHASAB ANCH,false
4800090,9723124,538006822,V7RS2,HERCULES I,8,1785643799,MH,MARSHALL ISLANDS,17,MINA AL FAHL,OM,3143,1785514140,OM MFH,OM,Tanker,155,58.535252,23.666128,4.0,4,0.0,,0,3143,MINA AL FAHL,false
459196,9367748,352004533,3E6822,PVT VALENCIA,8,1785644110,PA,PANAMA,65,AL HAMRIYA,AE,26292,1785204000,AE HAM,AE,Tanker,137,55.430878,25.535669,4.0,4,4.3,2026-08-02 03:49:00,4,21985,SHARJAH ANCH,true
734424,8519966,610000074,TYAH9,BAO YU,8,1785643872,BJ,BENIN,5,SOHAR,OM,18567,1782658800,SOHAR OMAN,,Tanker,356,56.994167,25.845369,4.0,4,0.0,,0,,,false
730313,9411288,632001093,3X2068,TIBER,8,1785643641,GN,GUINEA,7,SHINAS,OM,18580,1782957600,OMSHI,,Tanker,,56.518902,24.791695,4.0,4,0.1,,0,,,false
737052,9226011,750722000,8RAB1,PHOEBEII,8,1780919514,GY,GUYANA,13,,,,1780925400,RAS KUH,,Tanker,133,57.099335,25.96727,4.0,,8.1,,0,,,false
654918,8818207,629009816,C5J918,ROVER GAS,8,1785643950,GM,GAMBIA,13,SHINAS,OM,18580,1785430800,SHINAS,,Tanker,96,56.530701,24.85235,4.0,4,0.0,,0,,,false
755525,9595228,636015484,D5BA6,INDONESIA PROSPERITY,8,1783946296,LR,LIBERIA,11,FUJAIRAH,AE,790,1783494000,AEFJR,AE,Tanker,10,56.514767,25.25148,4.0,4,0.0,,0,20585,FUJAIRAH ANCH,false
407833,9257486,341028000,V4JG4,ALMA NOVA,8,1785644085,KN,SAINT KITTS AND NEVIS,18,KHOR AL ZUBAIR,IQ,19586,1785582000,KHOR AL ZUBAIR,IQ,Tanker,307,48.916653,29.583256,3.0,3,0.0,2026-08-01 06:25:00,0,23158,AL BASRAH ANCH,false
716018,9259317,538011855,V7A3569,EDOR,8,1785644080,MH,MARSHALL ISLANDS,47,KHOR FAKKAN,AE,18560,1785186900,AEKLF,AE,Tanker,177,56.847313,25.499111,4.0,4,0.0,,0,20586,KHOR FAKKAN ANCH,false
409670,9419618,636024350,5LSE2,NISSOS HERACLEA,8,1785341303,LR,LIBERIA,12,,,,1785456060,FOR ORDERS,AE,Tanker,90,56.659328,25.257416,4.0,,9.5,,0,20585,FUJAIRAH ANCH,false
146111,9163269,620975158,D6A4009,NEREIDA,8,1785644114,KM,COMOROS,7,,,,1785622800,SHINAS ANCHOR,,Tanker,,56.54422,24.803392,4.0,,0.0,,0,,,false
713810,9441245,538004634,V7YD6,GULF LOYALTY,8,1785644151,MH,MARSHALL ISLANDS,21,,,,1784473200,FOR ORDERS,,Tanker,308,57.374695,24.943996,4.0,,1.1,,0,,,false
755421,9577109,219498000,OZCV2,TORM EVA,8,1785325683,DK,DENMARK,52,SOHAR,OM,18567,1785380400,SOHAR,,Tanker,317,59.747662,22.961321,4.0,4,14.5,,0,,,false
150857,9310367,511101203,T8A4480,ZATARA,8,1785644107,PW,PALAU,66,,,,,IRAQI OWNER IND CREW,,Tanker,293,51.66642,27.27375,3.0,,8.5,,0,,,false
686434,9376751,636026355,A8SM4,FINLAND PROSPERITY,8,1785644167,LR,LIBERIA,26,BASRAH,IQ,17202,1785164400,BASRAH,IQ,Tanker,99,48.805786,29.683443,3.0,3,0.0,,0,19795,AL BASRAH,false
118760,9588392,636026233,A8OX9,SWEDEN PROSPERITY,8,1785643972,LR,LIBERIA,22,MUSCAT,OM,18585,1785582000,OM MCT,OM,Tanker,359,58.414772,23.680494,4.0,4,0.1,2026-08-02 03:53:00,6,22797,MINA AL FAHL ANCH,true
730145,9322097,370512000,3EWM5,AVIDEEP,8,1785644090,PA,PANAMA,65,KHOR FAKKAN,AE,18560,1783134060,AEKLF,AE,Tanker,308,56.579453,25.342251,4.0,4,0.1,,0,20586,KHOR FAKKAN ANCH,false
3817754,9686637,538006609,V7PA4,FRONT CHEETAH,8,1784782240,MH,MARSHALL ISLANDS,41,JEBEL ALI,AE,102,1784844000,AEJEA,,Tanker,46,52.142479,25.996771,3.0,4,4.3,,0,,,false
712801,9409986,350654000,H7AA4,GEB,8,1785644026,NI,NICARAGUA,20,,,,,TBA,AE,Tanker,6,56.824135,25.518333,4.0,,0.0,,0,20586,KHOR FAKKAN ANCH,false
8003897,9937799,636021546,5LEL7,AL BAHYAH,8,1783436950,LR,LIBERIA,7,,,,1783533600,FOR ORDERS,AE,Tanker,150,56.393082,25.186026,4.0,,3.5,,0,790,FUJAIRAH,false
728576,9188116,451800888,HQZT4,ATHE NOVA,8,1774788898,KG,KYRGYZSTAN,6,KHOR FAKKAN,AE,18560,1772445900,KFK,,Tanker,237,57.155228,24.187183,4.0,4,0.3,,0,,,false
5841747,9787948,319151100,ZGHZ4,BURRI,8,1785644190,KY,CAYMAN ISLANDS,59,SOHAR,OM,18567,1785628860,OMSOH,OM,Tanker,205,56.66708,24.550333,4.0,4,0.0,,0,22481,SOHAR ANCH,false
732302,9402782,636020801,5LAU3,OCEAN ELECTRA,8,1785644044,LR,LIBERIA,30,HAMRIYA FREE ZONE,AE,1699,1785463200,HAMRIYAH,AE,Tanker,238,55.34647,25.540308,4.0,4,0.0,,0,21985,SHARJAH ANCH,false
760524,9386861,642122013,5AWX,MAETIGA,8,1785644023,LY,LIBYA,68,FUJAIRAH,AE,790,1785497400,AE FJR,AE,Tanker,329,56.476128,25.171772,4.0,4,0.0,,0,20585,FUJAIRAH ANCH,false
731008,9561368,352005734,3E8939,EL BELLA,8,1785644157,PA,PANAMA,77,SINGAPORE,SG,290,,SINGAPORE,,Tanker,116,60.818825,23.82852,4.0,,4.4,2026-08-02 04:05:00,3100,,,true
6143442,9858486,403736001,HZMK,SANAM,8,1783646860,SA,SAUDI ARABIA,8,,,,1783477200,FOR ORDERS,,Tanker,92,50.561272,27.194492,3.0,,11.6,,0,,,false
460631,9325336,371394000,3ECL5,EL GAIA,8,1785644038,PA,PANAMA,85,SOHAR,OM,18567,1785638520,OMSOH,OM,Tanker,207,56.696186,24.623684,4.0,4,0.0,,0,22481,SOHAR ANCH,false
558701,9485019,630001242,J5BB6,OCEAN PRIME,8,1785644064,GW,GUINEA BISSAU,3,,,,1784732400,FOR ORDERS,,Tanker,124,55.073193,25.603544,4.0,,0.0,,0,,,false
465179,9013426,671403100,5VIV3,CABRI,8,1785644134,TG,TOGO,104,PORT RASHID,AE,104,,DMC,,Tanker,145,50.571968,28.293024,3.0,,6.8,2026-08-02 03:53:00,296,,,true
730723,9284386,538009510,V7A4829,MKD VYOM,8,1785644172,MH,MARSHALL ISLANDS,25,RAS TANURA,SA,1665,1772467200,SA RTA,,Tanker,286,56.614094,24.765394,4.0,3,0.1,,0,,,false
714233,9645786,538005118,V7BD2,VELOS TURQUOISE,8,1785525854,MH,MARSHALL ISLANDS,48,MINA ABD ALLAH,KW,22462,1785531600,KW MIB,KW,Tanker,284,48.476509,28.966431,3.0,3,10.1,,0,22463,SHUAIBA ANCH,false
348688,9035826,620999062,D6A3068,SAMA 2,8,1782499611,KM,COMOROS,101,SHINAS,OM,18580,1782561600,SHINAS,,Tanker,296,58.704147,23.749599,4.0,4,10.8,,0,,,false
421601,9172636,631656710,3CAN22,SOLIX,8,1785635765,GQ,EQUATORIAL GUINEA,9,SHARJAH,AE,103,1783605600,SHARJAH,,Tanker,306,55.249962,25.999943,4.0,4,6.4,,0,,,false
3745561,9733806,403580000,HZMH,DALIL,8,1785644047,SA,SAUDI ARABIA,18,KHOR FAKKAN,AE,18560,1785348000,AE KLF,AE,Tanker,292,56.594646,25.377977,4.0,4,0.1,,0,20586,KHOR FAKKAN ANCH,false
655041,9052331,632001092,3X2067,XAVIA,8,1785644120,GN,GUINEA,3,SOHAR,OM,18567,1784503800,SOHAR-OMAN,OM,Tanker,46,56.666046,24.731846,4.0,4,0.1,,0,22481,SOHAR ANCH,false
4914705,9731169,538008718,V7A2687,OLYMPIC LADY,8,1783462363,MH,MARSHALL ISLANDS,10,FUJAIRAH,AE,790,1783395000,AEFJR,AE,Tanker,304,57.430767,24.925705,4.0,4,13.3,,0,20585,FUJAIRAH ANCH,false
716024,9407263,538007910,V7MT9,SEA DOMINATOR,8,1785644063,MH,MARSHALL ISLANDS,51,SHINAS,OM,18580,1785459600,OMSHI,OM,Tanker,197,56.552582,24.74411,4.0,4,0.1,,0,26490,SHINAS ANCH,false
688589,9381720,636026232,A8OX8,SKOPELOS,8,1785644036,LR,LIBERIA,8,FUJAIRAH,AE,790,1785326400,AE FJR,AE,Tanker,198,56.57206,25.165762,4.0,4,0.0,,0,20585,FUJAIRAH ANCH,false
6307099,9828388,636020892,5LBF6,AL FALAH,8,1785597167,LR,LIBERIA,12,KHOR FAKKAN,AE,18560,1784894400,AEKLF,,Tanker,99,57.048168,25.175501,4.0,4,3.2,,0,,,false
727052,9304588,352005406,3E8681,PEACE GULF,8,1785643778,PA,PANAMA,34,SHINAS,OM,18580,1785632400,SHINAS,,Tanker,238,56.603966,24.840124,4.0,4,0.0,2026-08-01 20:52:00,0,,,false
6116920,9383352,620800211,D6A4211,PARITOSH,8,1785538328,KM,COMOROS,59,HAMRIYA FREE ZONE,AE,1699,,"HAMRIYAH,UAE",,Tanker,,50.086143,28.414391,3.0,,,2026-07-31 22:31:00,336,,,true
676005,9653408,447184000,9KFH,AL FUNTAS,8,1779664888,KW,KUWAIT,16,,,,1776492000,SOH OM,,Tanker,,57.313053,24.478159,4.0,,0.4,,0,,,false
7217552,9916824,636021496,5LEF5,ZAKHER,8,1784949287,LR,LIBERIA,6,FUJAIRAH,AE,790,1783251960,AE FJR,AE,Tanker,320,56.531254,25.276066,4.0,4,0.0,,0,20585,FUJAIRAH ANCH,false
706911,9572111,632001094,3X2069,DIGNITY,8,1785616656,GN,GUINEA,4,,,,1782241200,OMSHN,,Tanker,259,56.585808,24.767481,4.0,,0.0,,0,,,false
3503413,9694622,538010974,V7A6391,MADO,8,1785644147,MH,MARSHALL ISLANDS,24,SOHAR,OM,18567,1785268800,OMSOH,OM,Tanker,183,56.668781,24.56115,4.0,4,0.1,2026-08-02 03:53:00,2,22481,SOHAR ANCH,true
214863,9166156,647553072,5RA72,BERBERA STAR 7,8,1785644023,MG,MADAGASCAR,66,KHOR FAKKAN,AE,18560,1785537000,KHORFAKKAN UAE,AE,Tanker,94,56.474865,25.394089,4.0,4,0.1,,0,20586,KHOR FAKKAN ANCH,false
754113,9481178,518998866,E5U4846,BLUE MAJESTY,8,1785644158,CK,COOK ISLANDS,6,,,,1784080800,FOR ORDERS,,Tanker,,55.111992,25.632008,4.0,,0.0,,0,,,false
687078,9588976,466007000,A7SW,SIDRA AL WAKRA,8,1784507512,QA,QATAR,2,,,,,MESD,QA,Tanker,273,51.618019,24.88866,3.0,,0.1,,0,22441,MESAIEED ANCH,false
2804899,9553957,626046000,TRAY6,COURAGE 7,8,1758531621,GA,GABON,24,MUSCAT,OM,18585,1758249000,MUSCAT.OMAN,OM,Tanker,148,58.444759,23.713943,4.0,4,0.0,,0,22797,MINA AL FAHL ANCH,false
375289,9286451,311001867,C6JG4,ELENA 1,8,1785644114,BS,BAHAMAS,107,KHOR FAKKAN,AE,18560,1770465600,KHORFAKKAN,AE,Tanker,332,56.438251,25.379766,4.0,4,0.1,,0,20586,KHOR FAKKAN ANCH,false
3976127,9722637,256769000,9HA4002,HELLAS REVENGER,8,1785644162,MT,MALTA,39,JEBEL ALI,AE,102,1785553200,AEJEA,AE,Tanker,,55.049034,25.012119,4.0,4,0.0,,0,102,JEBEL ALI,false
459247,9272395,370722000,3FRE2,ARROW G,8,1785515506,PA,PANAMA,30,SHARJAH,AE,103,1785535200,AE SHJ,,Tanker,138,55.013332,25.663334,4.0,4,9.0,,0,,,false
730079,9399167,350604000,H7XD1,ECLIPSE WIND,8,1785644142,NI,NICARAGUA,12,SHINAS,OM,18580,1785536400,SHINAS,AE,Tanker,,56.779285,25.064631,4.0,4,0.4,2026-08-02 04:05:00,27,20585,FUJAIRAH ANCH,true
714755,9323936,636018945,D5SD7,PLATA SINGAPORE,8,1785644092,LR,LIBERIA,31,MUSCAT,OM,18585,1785405600,OMMCT,OM,Tanker,183,58.418045,23.694468,4.0,4,0.1,2026-08-02 03:52:00,6,22797,MINA AL FAHL ANCH,true
730901,9453729,350140000,H7ZK26,BINARY STAR II,8,1785579132,NI,NICARAGUA,6,SOHAR,OM,18567,1778427000,SOHAR OM,,Tanker,154,55.13546,25.561569,4.0,4,0.1,,0,,,false
758561,9482859,563256800,A8XG5,NAVIG8 MESSI,8,1784885949,SG,SINGAPORE,45,FUJAIRAH,AE,790,,AEFJR,AE,Tanker,29,56.479233,25.235834,4.0,,0.0,,0,20585,FUJAIRAH ANCH,false
754469,9448152,215282000,9HA5038,APNOIA,8,1785502587,MT,MALTA,31,,,,1784790000,FOR ORDER,,Tanker,124,50.830635,27.045824,3.0,,12.5,,0,,,false
755405,9455703,636015336,D5AA6,IKARIOTIKOS,8,1785644077,LR,LIBERIA,66,AL HAMRIYA,AE,26292,1785441600,AEHAM,AE,Tanker,187,55.340672,25.5674,4.0,4,0.0,2026-08-02 04:15:00,12,21985,SHARJAH ANCH,true
462909,9321299,372495000,3EJE9,TENKI,8,1785644149,PA,PANAMA,6,SRIRACHA,TH,18814,,TH SRI,,Tanker,129,60.493385,23.535673,4.0,,12.5,2026-08-02 04:04:00,3942,,,true
1985,9397468,352002789,3E5078,PRIVE ANGEL,8,1785644127,PA,PANAMA,57,FUJAIRAH,AE,790,,AEFJR,,Tanker,357,57.057098,25.231684,4.0,,0.6,,0,,,false
754243,9339648,466011000,A7SR,SIDRA AL RUWAIS,8,1785644088,QA,QATAR,10,RAS LAFFAN,QA,954,1785236400,QA-RLF,,Tanker,178,51.79808,25.733202,3.0,3,0.1,,0,,,false
689610,9514561,636024679,5LTU3,PANAMA PROSPERITY,8,1784288587,LR,LIBERIA,38,FUJAIRAH,AE,790,1784286000,AEFJR,,Tanker,205,56.896694,25.459858,4.0,4,0.0,,0,,,false
420579,9325609,314177000,8PRL,STAR MERLIN,8,1785644023,BB,BARBADOS,63,DURBAN,ZA,452,1785702600,DURBAN,,Tanker,182,53.844925,25.751078,4.0,2,0.1,2026-08-02 02:12:00,4167,,,true
5565990,9259886,341058001,V4DL5,PURE POINT,8,1785644242,KN,SAINT KITTS AND NEVIS,45,UMM QASR,IQ,1008,1774744920,UMM QASR ANCH,IQ,Tanker,165,48.761028,29.65148,3.0,3,0.0,,0,23159,UMM QASR ANCH,false
10617148,0,367491728,WDD0404,JERSEY DEVIL 404,8,1785141550,US,UNITED STATES OF AMERICA,0,,,,1781329500,USA,,Tanker,129,56.758095,26.495173,4.0,,0.8,,0,,,false
7834480,9948968,425000019,HNSU,M/T SUMER,8,1785644398,IQ,IRAQ,3,,,,1785600000,KHOR ABDALAH OPL,IQ,Tanker,187,48.759247,29.638241,3.0,,3.5,,0,23159,UMM QASR ANCH,false
5728756,9835836,538009742,V7A5106,MARLIN SANTORINI,8,1784668014,MH,MARSHALL ISLANDS,43,,,,1785526200,F0R ORDERS,,Tanker,0,54.037285,25.41876,4.0,,0.0,,0,,,false
737125,9266372,574534000,XVCY,VAN PHONG 1,8,1785644161,VN,VIETNAM,15,UMM QASR,IQ,1008,1770757200,IQ UQR BY.N2,IQ,Tanker,127,48.641033,29.716833,3.0,3,0.0,,0,23159,UMM QASR ANCH,false
6720638,9912854,636020242,D5YH6,AXIOS I,8,1785644285,LR,LIBERIA,20,AL JUBAIL,SA,956,1785564000,JUBAIL,,Tanker,115,50.964092,27.230576,3.0,3,0.1,,0,,,false
4695440,9739317,636020425,D5ZE6,STOLT MAGNESIUM,8,1784088170,LR,LIBERIA,46,PORT KLANG,MY,483,1784894400,OM SOH>MY PKG,,Tanker,285,59.478142,23.584955,4.0,8,1.5,,0,,,false
712005,9244374,311001694,C6IK7,GOODAL,8,1785644156,BS,BAHAMAS,81,,,,,ALL CHINESE CREW,,Tanker,135,48.852566,29.530844,3.0,,10.6,,0,,,false
7841970,9930806,241819000,SVDQ7,MARAN DIONE,8,1785644264,GR,GREECE,29,FUJAIRAH,AE,790,1784210400,FUJAIRAH,AE,Tanker,341,56.576935,25.232544,4.0,4,0.0,,0,20585,FUJAIRAH ANCH,false
734363,9118800,306108000,PJN9,BLACK MAYA,8,1785644190,CW,CURACAO,3,,,,,PSQ/OMAN,,Tanker,139,57.208012,25.551399,4.0,,4.3,,0,,,false
460536,9487471,371346000,3FHJ,NAVE CAPELLA,8,1785644098,PA,PANAMA,32,AL JUBAIL,SA,956,1785690000,JUBAIL,SA,Tanker,12,50.28458,27.113958,3.0,3,6.0,,0,22336,RAS TANURA ANCH,false
675931,9595010,447089000,9KEU,BNEIDER,8,1779596051,KW,KUWAIT,52,,,,1778378400,FOR ORDER,,Tanker,216,57.128574,24.918474,4.0,,3.2,,0,,,false
658038,8517243,422143000,EQKH,MARIVAN,8,1785635736,IR,IRAN,0,BANDAR ABBAS,IR,1614,1785398400,B.ABBAS,IR,Tanker,269,55.972614,27.053988,4.5,4,0.1,,0,19778,ISOICO,false
754468,9437658,215283000,9HA5039,SERENO,8,1784902200,MT,MALTA,28,FUJAIRAH,AE,790,1784901600,FUJAIRAH,AE,Tanker,290,56.602119,25.231205,4.0,4,3.2,,0,20585,FUJAIRAH ANCH,false
727510,9275983,511101620,T8A5075,TERRA,8,1785644081,PW,PALAU,25,FUJAIRAH,AE,790,1785524400,"FUJAIRAH, UAE",AE,Tanker,,56.363026,25.193924,4.0,4,0.0,,0,790,FUJAIRAH,false
8892198,9254082,750117000,8RCA6,LIMAS,8,1785644413,GY,GUYANA,25,,,,1782064800,FOR ORDERPL,,Tanker,274,57.546848,24.396908,4.0,,1.6,,0,,,false
8951314,9162928,632001088,3X2063,NOBLE,8,1784606501,GN,GUINEA,18,SHINAS,OM,18580,1784584800,SHINAS,,Tanker,342,56.584721,24.808622,4.0,4,0.2,,0,,,false
6580673,9823534,636020895,5LBF9,AL KHTAM,8,1782944402,LR,LIBERIA,5,FUJAIRAH,AE,790,1782907200,AEFJR,AE,Tanker,180,56.578186,25.59651,4.0,4,12.5,,0,20586,KHOR FAKKAN ANCH,false
419288,9136644,356762000,HO4359,SIMRAN,8,1784447956,PA,PANAMA,3,,,,1767225600,,,Tanker,33,56.558498,25.750206,4.0,,0.1,,0,,,false
463393,9000883,613490000,TJMC902,SEA OPERA,8,1785612513,CM,CAMEROON,1,SHINAS,OM,18580,1780333200,SHINAS OMAN,,Tanker,100,56.94022,25.644989,4.0,4,0.1,,0,,,false
459236,9561382,538009584,V7A4920,IMPERIOUS,8,1785644161,MH,MARSHALL ISLANDS,28,FUJAIRAH,AE,790,1785699000,AEFJR,,Tanker,302,58.831215,24.08515,4.0,4,13.6,2026-08-02 04:13:00,154,,,true
673548,9168740,629009302,C5J314,ELITE,8,1785644110,GM,GAMBIA,22,SHINAS,OM,18580,1772107200,"SHINAS,OMAN",,Tanker,,56.554111,24.797628,4.0,4,0.0,,0,,,false
466,9377066,538011089,V7A6566,ECO 3,8,1785643872,MH,MARSHALL ISLANDS,48,FUJAIRAH,AE,790,1782522000,FUJAIRH,AE,Tanker,126,56.468586,25.284012,4.0,4,0.1,,0,20585,FUJAIRAH ANCH,false
388585,9113094,307131000,P4BC8,SIMBA V,8,1785643872,AW,ARUBA,9,,,,1780516800,WAITING FOR ORDERS,,Tanker,206,56.992962,25.754499,4.0,,0.0,,0,,,false
459043,9477177,671446100,5VJB5,TREND,8,1785644111,TG,TOGO,12,FUJAIRAH,AE,790,1783922400,AE FJR,,Tanker,156,55.604805,25.820894,4.0,4,0.0,,0,,,false
5261504,9177583,314001124,8PZW3,GREAT SAIL,8,1785643872,BB,BARBADOS,31,,,,1782298800,FOR ORDER,,Tanker,276,56.917019,25.856989,4.0,,0.1,,0,,,false
6472860,9828390,636020893,5LBF7,TARIF,8,1785462720,LR,LIBERIA,9,RUWAIS,AE,1695,1785477600,RUWAIS,,Tanker,194,52.944626,24.831089,4.0,4,10.6,,0,,,false
6922842,9912256,538009642,V7A4989,LEGIO X EQUESTRIS,8,1785644266,MH,MARSHALL ISLANDS,15,FUJAIRAH,AE,790,1785128400,AE FJR,AE,Tanker,302,56.392052,25.227448,4.0,4,0.0,,0,790,FUJAIRAH,false
9540713,9237797,750099000,8RAB20,TIMA,8,1785644377,GY,GUYANA,6,,,,1774594800,KH,,Tanker,323,49.625912,29.08453,3.0,,0.1,,0,,,false
4587970,9718820,538006506,V7NT8,SADAH SILVER,8,1785644149,MH,MARSHALL ISLANDS,23,PORT RASHID,AE,104,1785373200,AEDXB,,Tanker,,54.076195,25.414417,4.0,4,0.0,,0,,,false
755853,9510577,636020246,D5YI2,MONJASA SERVER,8,1785644143,LR,LIBERIA,14,SHARJAH,AE,103,1785639600,SHARJAH,AE,Tanker,123,55.365669,25.378395,4.0,4,5.1,2026-08-02 03:56:00,6,21985,SHARJAH ANCH,true
691192,9299599,525121027,YDQW2,SC OCEAN LXI,8,1785643835,ID,INDONESIA,53,SINGAPORE,SG,290,,AEFJR>SGSIN,AE,Tanker,316,56.467754,25.234329,4.0,,0.1,2026-08-02 04:16:00,3332,20585,FUJAIRAH ANCH,true
4707873,9672844,477884800,VRPI4,CESI BEIHAI,8,1785644157,HK,HONG KONG,7,QALHAT,OM,18591,1785528060,QALHAT,OM,Tanker,219,59.458435,22.70989,4.0,4,3.7,2026-08-02 04:07:00,1,23048,QALHAT ANCH,true
708693,9276688,538011950,V7A3712,JV INNOVATION,8,1785644041,MH,MARSHALL ISLANDS,18,KHOR FAKKAN,AE,18560,1785330000,KHAWR FAKKAN,AE,Tanker,129,56.490795,25.350843,4.0,4,0.0,,0,20586,KHOR FAKKAN ANCH,false
475401,9459022,403518001,HZEJ,NCC NAJEM,8,1785644046,SA,SAUDI ARABIA,53,FUJAIRAH,AE,790,1785456000,AE FJR,AE,Tanker,78,56.507198,25.204746,4.0,4,0.1,,0,20585,FUJAIRAH ANCH,false
714417,9304332,314116000,8PPD,AURELIAN,8,1785620421,BB,BARBADOS,82,SOHAR,OM,18567,1785076920,OM SOH,OM,Tanker,79,56.714062,24.563267,4.0,4,0.1,,0,22481,SOHAR ANCH,false
159164,9215098,477237200,VRSI2,MYRI JOY,8,1785644087,HK,HONG KONG,16,SHINAS,OM,18580,1779480000,SHINAS OMAN,,Tanker,90,56.877754,24.702353,4.0,4,0.0,,0,,,false
