observed_at,ship_id,shipname,lat,lon,speed_knots,course_deg,heading_deg,rate_of_turn,minutes_since_position,destination,flag,length_m,width_m,dwt,ship_type_code,ship_type,detailed_type_code,nav_status,position_source,url
2026-08-03T05:04:53+00:00,753376,MARAL,27.076756,56.171825,0.1,203.0,100.0,3.0,9.0,B.A. IRN,CW,182.0,32.0,46764.0,8,Tanker,88,,terrestrial,https://www.marinetraffic.com/en/ais/details/ships/shipid:753376
2026-08-03T05:04:53+00:00,457698,CASPIA,27.0261,56.104706,0.0,4.0,70.0,0.0,4.0,PG PORTS,IR,148.0,23.0,19087.0,8,Tanker,16,,terrestrial,https://www.marinetraffic.com/en/ais/details/ships/shipid:457698
2026-08-03T05:04:53+00:00,411532,DELICE,27.036476,56.200802,0.0,97.0,97.0,0.0,8.0,IR BND ANCHRAGE,IR,148.0,23.0,19062.0,8,Tanker,16,,terrestrial,https://www.marinetraffic.com/en/ais/details/ships/shipid:411532
2026-08-03T05:04:53+00:00,730903,JOINVILLE 1,27.051638,56.127968,0.2,186.0,127.0,0.0,13.0,,IR,129.0,22.0,12981.0,8,Tanker,88,,terrestrial,https://www.marinetraffic.com/en/ais/details/ships/shipid:730903
2026-08-03T05:04:53+00:00,1047643,HARBOUR PHOENIX,27.124134,56.23772,0.0,237.0,112.0,0.0,4.0,,PW,114.0,18.0,7625.0,8,Tanker,71,,terrestrial,https://www.marinetraffic.com/en/ais/details/ships/shipid:1047643
2026-08-03T05:04:53+00:00,657920,ATEELA 2,27.064558,56.291439,0.0,56.0,125.0,0.0,7.0,BANDAR.ABBAS,IR,99.0,18.0,6835.0,8,Tanker,71,,terrestrial,https://www.marinetraffic.com/en/ais/details/ships/shipid:657920
2026-08-03T05:04:53+00:00,657918,ATEELA 1,27.107073,56.031799,1.2,262.0,90.0,0.0,579.0,IRZBR,IR,99.0,18.0,6500.0,8,Tanker,71,,terrestrial,https://www.marinetraffic.com/en/ais/details/ships/shipid:657918
2026-08-03T05:04:53+00:00,TmpnMU1qUTFOamcxTWpRMU5qZzFNZz09LXNMMlBHakNHaGd0dURZa0ZOVU5EUnc9PQ==,,27.088333,56.238335,0.0,13.0,,,224.0,,,,,,8,Tanker,,At Anchor,satellite,
2026-08-03T05:04:53+00:00,3566447,BAVAN,27.029129,56.287312,4.0,208.0,210.0,,1087.0,DELICE,IR,90.0,15.0,4261.0,8,Tanker,44,,terrestrial,https://www.marinetraffic.com/en/ais/details/ships/shipid:3566447
2026-08-03T05:04:53+00:00,657980,HAMD,27.009586,56.213581,0.0,318.0,318.0,,24.0,CLASS B,IR,40.0,10.0,750.0,8,Tanker,44,,terrestrial,https://www.marinetraffic.com/en/ais/details/ships/shipid:657980
2026-08-03T05:04:53+00:00,9035741,YOUSHAT,27.123718,56.301048,3.5,118.0,118.0,,14.0,CLASS B,IR,40.0,10.0,710.0,8,Tanker,44,,terrestrial,https://www.marinetraffic.com/en/ais/details/ships/shipid:9035741
2026-08-03T05:04:53+00:00,658038,MARIVAN,27.05398,55.972614,0.0,100.0,,,318.0,B.ABBAS,IR,50.0,11.0,640.0,8,Tanker,44,,terrestrial,https://www.marinetraffic.com/en/ais/details/ships/shipid:658038
2026-08-03T05:04:53+00:00,4773097,GEM NO.2,25.795343,55.599113,0.0,83.0,224.0,0.0,6.0,FOR ORDERS,PA,330.0,60.0,302783.0,8,Tanker,17,,terrestrial,https://www.marinetraffic.com/en/ais/details/ships/shipid:4773097
2026-08-03T05:04:53+00:00,208560,DAHAB,26.867252,56.25948,0.1,79.0,87.0,0.0,1120.0,LARAK OPL,GY,274.0,50.0,164445.0,8,Tanker,17,,terrestrial,https://www.marinetraffic.com/en/ais/details/ships/shipid:208560
2026-08-03T05:04:53+00:00,301153,YULIN,26.361189,55.513927,9.6,251.0,249.0,0.0,4.0,KAZ,NI,250.0,44.0,112679.0,8,Tanker,17,,terrestrial,https://www.marinetraffic.com/en/ais/details/ships/shipid:301153
2026-08-03T05:04:53+00:00,787392,FELICITY,26.031811,55.823193,0.0,,277.0,0.0,6.0,"SOHAR,OMAN",NO,228.0,32.0,70955.0,8,Tanker,17,,terrestrial,https://www.marinetraffic.com/en/ais/details/ships/shipid:787392
2026-08-03T05:04:53+00:00,421601,SOLIX,26.000011,55.25,6.4,306.0,,,219.0,SHARJAH,GQ,230.0,36.0,49609.0,8,Tanker,19,,terrestrial,https://www.marinetraffic.com/en/ais/details/ships/shipid:421601
2026-08-03T05:04:53+00:00,416699,SOYIA,25.750614,55.302513,0.0,203.0,248.0,0.0,5.0,TANJUNG PELEPAS,LR,182.0,32.0,47094.0,8,Tanker,71,,terrestrial,https://www.marinetraffic.com/en/ais/details/ships/shipid:416699
2026-08-03T05:04:53+00:00,465722,LPGC SARAH,26.5147,55.960979,14.6,249.0,,,4.0,OMSHI,KM,170.0,27.0,25926.0,8,Tanker,19,,terrestrial,https://www.marinetraffic.com/en/ais/details/ships/shipid:465722
2026-08-03T05:04:53+00:00,459043,TREND,25.820307,55.604706,0.0,10.0,242.0,0.0,6.0,AE FJR,TG,118.0,17.0,7119.0,8,Tanker,71,,terrestrial,https://www.marinetraffic.com/en/ais/details/ships/shipid:459043
2026-08-03T05:04:53+00:00,T0RrNE1EY3dPRGs0TURjd09EazRNQT09LVlzRGhwWkdKZFl3dko2cDVPWGg1YUE9PQ==,,27.088333,56.238335,0.0,13.0,,,224.0,,,,,,8,Tanker,,At Anchor,satellite,
2026-08-03T05:04:53+00:00,6564779,CARLYNA,25.842039,55.603168,0.0,91.0,77.0,0.0,3.0,TBA,PA,60.0,12.0,1076.0,8,Tanker,71,,terrestrial,https://www.marinetraffic.com/en/ais/details/ships/shipid:6564779
2026-08-03T05:04:54+00:00,755405,IKARIOTIKOS,25.468704,55.483334,0.0,41.0,214.0,0.0,5.0,AEHAM,LR,183.0,32.0,51678.0,8,Tanker,88,,terrestrial,https://www.marinetraffic.com/en/ais/details/ships/shipid:755405
2026-08-03T05:04:54+00:00,411916,WELL SAIL,25.52552,55.348011,0.0,34.0,234.0,0.0,6.0,AE HAM,MH,183.0,32.0,51202.0,8,Tanker,88,,terrestrial,https://www.marinetraffic.com/en/ais/details/ships/shipid:411916
2026-08-03T05:04:54+00:00,459196,PVT VALENCIA,25.471365,55.485039,0.0,293.0,32.0,0.0,3.0,AE HAM,PA,182.0,32.0,47399.0,8,Tanker,71,,terrestrial,https://www.marinetraffic.com/en/ais/details/ships/shipid:459196
2026-08-03T05:04:54+00:00,8724976,ASTRID,25.474463,55.205769,0.0,295.0,218.0,0.0,4.0,IRAQI OWNER &IND CRW,PA,183.0,32.0,46211.0,8,Tanker,88,,terrestrial,https://www.marinetraffic.com/en/ais/details/ships/shipid:8724976
2026-08-03T05:04:54+00:00,714690,NEW VOYAGE,25.54578,55.352001,0.0,243.0,232.0,0.0,3.0,AEHAM,BS,183.0,32.0,46187.0,8,Tanker,88,,terrestrial,https://www.marinetraffic.com/en/ais/details/ships/shipid:714690
2026-08-03T05:04:54+00:00,416464,SANDS,25.477036,55.216694,0.0,130.0,228.0,,5.0,KASAB OMAN,PA,179.0,32.0,45913.0,8,Tanker,71,,terrestrial,https://www.marinetraffic.com/en/ais/details/ships/shipid:416464
2026-08-03T05:04:54+00:00,731151,ALFONSO,25.539789,55.279846,0.2,49.0,226.0,0.0,5.0,SHARJAH,BB,173.0,29.0,38877.0,8,Tanker,17,,terrestrial,https://www.marinetraffic.com/en/ais/details/ships/shipid:731151
2026-08-03T05:04:54+00:00,9478586,ZONDA,25.549246,55.339287,0.0,146.0,227.0,0.0,5.0,AEHAM,MH,149.0,23.0,18647.0,8,Tanker,88,,terrestrial,https://www.marinetraffic.com/en/ais/details/ships/shipid:9478586
2026-08-03T05:04:54+00:00,680972,AL SAMHA,25.540173,55.377201,0.1,334.0,230.0,0.0,6.0,AE HAMM,AE,144.0,22.0,17510.0,8,Tanker,88,,terrestrial,https://www.marinetraffic.com/en/ais/details/ships/shipid:680972
2026-08-03T05:04:54+00:00,184295,KANHA,25.558037,55.345901,0.0,53.0,188.0,,183.0,HAMRIYAH,PW,127.0,20.0,12887.0,8,Tanker,88,,terrestrial,https://www.marinetraffic.com/en/ais/details/ships/shipid:184295
2026-08-03T05:04:54+00:00,206044,VALENCIA,25.474764,55.224434,0.0,,228.0,0.0,5.0,AE HAM,LR,121.0,17.0,8125.0,8,Tanker,88,,terrestrial,https://www.marinetraffic.com/en/ais/details/ships/shipid:206044
2026-08-03T05:04:54+00:00,712876,RI CHU I,25.49041,55.402241,0.0,232.0,180.0,0.0,6.0,AE HAM,PA,115.0,17.0,7695.0,8,Tanker,71,,terrestrial,https://www.marinetraffic.com/en/ais/details/ships/shipid:712876
2026-08-03T05:04:54+00:00,728623,EPIC BURANO,25.487232,55.241188,0.0,120.0,216.0,0.0,7.0,SHARJAH ANCHORAGE,SG,119.0,18.0,7155.0,8,Tanker,19,,terrestrial,https://www.marinetraffic.com/en/ais/details/ships/shipid:728623
2026-08-03T05:04:54+00:00,1065434,PUFFIN TWO,25.516176,55.39296,0.0,141.0,190.0,0.0,6.0,AE HAM,LR,99.0,18.0,7022.0,8,Tanker,71,,terrestrial,https://www.marinetraffic.com/en/ais/details/ships/shipid:1065434
2026-08-03T05:04:54+00:00,680907,SARA J,25.443293,55.286755,0.0,90.0,200.0,0.0,3.0,MINA KHALID,PW,100.0,18.0,7005.0,8,Tanker,71,,terrestrial,https://www.marinetraffic.com/en/ais/details/ships/shipid:680907
2026-08-03T05:04:54+00:00,167165,ZAYA,25.527994,55.368553,1.7,10.0,264.0,,652.0,HAM UAE,PA,109.0,18.0,6919.0,8,Tanker,71,,terrestrial,https://www.marinetraffic.com/en/ais/details/ships/shipid:167165
2026-08-03T05:04:54+00:00,731493,FNSA 11,25.417604,55.309582,0.1,116.0,190.0,0.0,5.0,DUBAI,AE,113.0,15.0,6472.0,8,Tanker,71,,terrestrial,https://www.marinetraffic.com/en/ais/details/ships/shipid:731493
2026-08-03T05:04:54+00:00,566835,BLOSSOM,25.511881,55.387363,0.0,147.0,191.0,0.0,6.0,HAMRIYA ANCHORAGE,BB,98.0,15.0,4980.0,8,Tanker,71,,terrestrial,https://www.marinetraffic.com/en/ais/details/ships/shipid:566835
2026-08-03T05:04:54+00:00,681302,B2 OCEAN,25.423634,55.301487,0.1,,187.0,2.0,9.0,IRAQ,KM,97.0,17.0,4661.0,8,Tanker,15,,terrestrial,https://www.marinetraffic.com/en/ais/details/ships/shipid:681302
2026-08-03T05:04:54+00:00,9812967,ZERBA,25.516201,55.373779,0.1,12.0,,,6.0,HAMRIYAH,KM,98.0,16.0,3601.0,8,Tanker,71,,terrestrial,https://www.marinetraffic.com/en/ais/details/ships/shipid:9812967
2026-08-03T05:04:54+00:00,732694,TWENTY SEVEN,25.529745,55.382801,0.0,131.0,224.0,0.0,7.0,HAMRIYAH B,SA,78.0,15.0,3591.0,8,Tanker,71,,terrestrial,https://www.marinetraffic.com/en/ais/details/ships/shipid:732694
2026-08-03T05:04:54+00:00,9589706,MAYS AL RAYM,25.475317,55.5,0.0,285.0,,,6.0,HAMRYA,TG,102.0,13.0,3577.0,8,Tanker,71,,terrestrial,https://www.marinetraffic.com/en/ais/details/ships/shipid:9589706
2026-08-03T05:04:54+00:00,9852595,SPADE,25.51977,55.359974,0.1,344.0,232.0,0.0,7.0,HAMRIYAH,CM,83.0,13.0,3510.0,8,Tanker,71,,terrestrial,https://www.marinetraffic.com/en/ais/details/ships/shipid:9852595
2026-08-03T05:04:54+00:00,7789225,AMIR,25.408195,55.31176,0.0,0.0,,,60.0,SHJ -UAE,SZ,96.0,14.0,3000.0,8,Tanker,71,,terrestrial,https://www.marinetraffic.com/en/ais/details/ships/shipid:7789225
2026-08-03T05:04:54+00:00,7196311,ZETAE TRIUAMT,25.47509,55.492676,0.0,77.0,,,3.0,HAMRIYAH,KN,44.0,9.0,650.0,8,Tanker,71,,terrestrial,https://www.marinetraffic.com/en/ais/details/ships/shipid:7196311
2026-08-03T05:04:54+00:00,753358,DING XIANG,27.03294,56.360485,0.0,59.0,135.0,0.0,9.0,FOR ORDERS,CW,228.0,32.0,71024.0,8,Tanker,17,,terrestrial,https://www.marinetraffic.com/en/ais/details/ships/shipid:753358
2026-08-03T05:04:54+00:00,TlRrd01EQXhOVGt3TURBeE5Ua3dNQT09LW1JRU5kRytwSHM2VSsxNjhmbnF1ZVE9PQ==,,27.088333,56.238335,0.0,13.0,,,224.0,,,,,,8,Tanker,,At Anchor,satellite,
2026-08-03T05:04:55+00:00,3232,COBA,26.909348,56.575699,0.0,,246.0,0.0,5.0,TO ORDER,CW,333.0,60.0,319360.0,8,Tanker,17,,terrestrial,https://www.marinetraffic.com/en/ais/details/ships/shipid:3232
2026-08-03T05:04:55+00:00,767912,HASNA,26.96171,56.476967,0.0,,192.0,0.0,4.0,TO ORDER,IR,333.0,58.0,299229.0,8,Tanker,17,,terrestrial,https://www.marinetraffic.com/en/ais/details/ships/shipid:767912
2026-08-03T05:04:55+00:00,280171,NOXEN,25.811783,57.002827,0.0,354.0,121.0,0.0,6.0,KFK OPL,KM,274.0,48.0,160573.0,8,Tanker,17,,terrestrial,https://www.marinetraffic.com/en/ais/details/ships/shipid:280171
2026-08-03T05:04:55+00:00,756201,ADITYA,26.935381,56.40464,0.1,345.0,209.0,0.0,3.0,LRK,GY,274.0,48.0,160373.0,8,Tanker,17,,terrestrial,https://www.marinetraffic.com/en/ais/details/ships/shipid:756201
2026-08-03T05:04:55+00:00,768491,STARK1,25.805468,57.193546,0.1,312.0,152.0,0.0,41.0,JASK OPL,IR,274.0,48.0,159681.0,8,Tanker,17,,terrestrial,https://www.marinetraffic.com/en/ais/details/ships/shipid:768491
2026-08-03T05:04:55+00:00,756375,CHLOE,26.928333,56.439999,0.1,,,,417.0,LARAK OPL,GY,274.0,48.0,159539.0,8,Tanker,17,,terrestrial,https://www.marinetraffic.com/en/ais/details/ships/shipid:756375
2026-08-03T05:04:55+00:00,TVRreE1UYzVNVGt4TVRjNU1Ua3hNUT09LThSRm9ndzdBSGZ0MXQ0UFpiSmlQWlE9PQ==,,26.928333,56.439999,,,,,106.0,,,,,,8,Tanker,,At Anchor,satellite,
2026-08-03T05:04:55+00:00,371739,GASLOG SHANGHAI,26.129345,56.569599,0.1,280.0,167.0,0.0,7.0,FOR ORDERS,BM,285.0,43.0,82104.0,8,Tanker,18,,terrestrial,https://www.marinetraffic.com/en/ais/details/ships/shipid:371739
2026-08-03T05:04:55+00:00,758638,ATLANTIS II,26.920729,56.358387,0.2,108.0,,,326.0,005,IR,228.0,32.0,73004.0,8,Tanker,17,,terrestrial,https://www.marinetraffic.com/en/ais/details/ships/shipid:758638
2026-08-03T05:04:55+00:00,734424,BAO YU,25.845524,56.993992,0.2,49.0,127.0,0.0,9.0,SOHAR OMAN,BJ,219.0,38.0,51466.0,8,Tanker,19,,terrestrial,https://www.marinetraffic.com/en/ais/details/ships/shipid:734424
2026-08-03T05:04:55+00:00,419164,SALUTE,26.086348,56.97192,10.1,161.0,,,549.0,KHAWR FAKKAN,MG,224.0,36.0,49301.0,8,Tanker,19,,terrestrial,https://www.marinetraffic.com/en/ais/details/ships/shipid:419164
2026-08-03T05:04:55+00:00,417318,AMIL,25.922155,57.157841,0.0,342.0,130.0,0.0,13.0,TBA,MZ,179.0,32.0,47999.0,8,Tanker,71,,terrestrial,https://www.marinetraffic.com/en/ais/details/ships/shipid:417318
2026-08-03T05:04:55+00:00,727849,STARWAY,25.729536,56.978493,0.1,112.0,195.0,,8.0,KAZ,PA,183.0,32.0,46048.0,8,Tanker,88,,terrestrial,https://www.marinetraffic.com/en/ais/details/ships/shipid:727849
2026-08-03T05:04:55+00:00,159469,MAOMING,26.964075,56.373199,0.0,31.0,,,6.0,BAMNDARABBAS,IR,182.0,32.0,45999.0,8,Tanker,71,,terrestrial,https://www.marinetraffic.com/en/ais/details/ships/shipid:159469
2026-08-03T05:04:55+00:00,5261504,GREAT SAIL,25.857225,56.916893,0.1,128.0,132.0,,9.0,FOR ORDER,BB,169.0,24.0,23495.0,8,Tanker,195,,terrestrial,https://www.marinetraffic.com/en/ais/details/ships/shipid:5261504
2026-08-03T05:04:55+00:00,282411,GAS BELLA,25.824833,56.910831,0.1,75.0,133.0,0.0,5.0,AE KLF OPL,GN,145.0,22.0,17779.0,8,Tanker,195,,terrestrial,https://www.marinetraffic.com/en/ais/details/ships/shipid:282411
2026-08-03T05:04:55+00:00,156103,TERNHOLM,25.822578,56.970627,0.1,235.0,125.0,1.0,13.0,DIBA,BB,141.0,21.0,14825.0,8,Tanker,88,,terrestrial,https://www.marinetraffic.com/en/ais/details/ships/shipid:156103
2026-08-03T05:04:55+00:00,388585,SIMBA V,25.754435,56.992607,0.0,16.0,129.0,,17.0,WAITING FOR ORDERS,AW,119.0,21.0,13527.0,8,Tanker,71,,terrestrial,https://www.marinetraffic.com/en/ais/details/ships/shipid:388585
2026-08-03T05:04:55+00:00,712037,MARIS,25.764694,56.966686,0.0,0.0,0.0,0.0,6.0,KFK OPL,IR,127.0,20.0,13148.0,8,Tanker,71,,terrestrial,https://www.marinetraffic.com/en/ais/details/ships/shipid:712037
2026-08-03T05:04:55+00:00,5449002,XARON,25.765936,57.020615,0.2,43.0,,,11.0,KFK OPL,IR,101.0,19.0,6920.0,8,Tanker,71,,terrestrial,https://www.marinetraffic.com/en/ais/details/ships/shipid:5449002
2026-08-03T05:04:55+00:00,674459,VELIX,25.802933,56.939415,0.0,57.0,141.0,,6.0,KFK UAE,KM,101.0,19.0,6850.0,8,Tanker,71,,terrestrial,https://www.marinetraffic.com/en/ais/details/ships/shipid:674459
2026-08-03T05:04:55+00:00,TVRRd05Ea3hNVFF3TkRreE1UUXdOQT09LVJuSWhKTkI2OVVyR0NBSTN3bnNRL2c9PQ==,,27.088333,56.238335,0.0,13.0,,,224.0,,,,,,8,Tanker,,At Anchor,satellite,
2026-08-03T05:04:55+00:00,5552487,KESHAVA,26.783701,56.659813,0.1,,173.0,0.0,5.0,"SHARJAH,UAE",GA,101.0,16.0,4999.0,8,Tanker,15,,terrestrial,https://www.marinetraffic.com/en/ais/details/ships/shipid:5552487
2026-08-03T05:04:55+00:00,359950,HORIZON1,26.135128,57.03336,8.8,344.0,344.0,0.0,5.0,KAZ,PW,114.0,15.0,4686.0,8,Tanker,195,,terrestrial,https://www.marinetraffic.com/en/ais/details/ships/shipid:359950
2026-08-03T05:04:55+00:00,258928,GLOBAL RANI,25.744328,56.941662,0.2,80.0,,,7.0,DIBBA OPL ANCHORAGE,PW,105.0,15.0,4250.0,8,Tanker,88,,terrestrial,https://www.marinetraffic.com/en/ais/details/ships/shipid:258928
2026-08-03T05:04:55+00:00,508387,TRIMMU 3,26.57575,56.802681,9.1,164.0,164.0,0.0,4.0,KFK,HK,94.0,16.0,3361.0,8,Tanker,19,,terrestrial,https://www.marinetraffic.com/en/ais/details/ships/shipid:508387
2026-08-03T05:04:55+00:00,6016954,NAUTI FLOW,25.816149,56.919365,0.1,233.0,233.0,0.0,5.0,FOR ORDERS,KM,56.0,20.0,900.0,8,Tanker,71,,terrestrial,https://www.marinetraffic.com/en/ais/details/ships/shipid:6016954
2026-08-03T05:04:55+00:00,208720,GRETA,25.514059,56.619473,0.1,85.0,84.0,0.0,4.0,KFK,BR,332.0,58.0,306315.0,8,Tanker,17,,terrestrial,https://www.marinetraffic.com/en/ais/details/ships/shipid:208720
2026-08-03T05:04:55+00:00,410881,OCEAN LOYALTY,25.514767,56.709068,1.0,253.0,206.0,0.0,4.0,FORORDERS,MH,330.0,60.0,299991.0,8,Tanker,17,,terrestrial,https://www.marinetraffic.com/en/ais/details/ships/shipid:410881
2026-08-03T05:04:55+00:00,4110796,GREECE PROSPERITY,25.488203,56.775433,0.8,345.0,48.0,,1176.0,FOR ORDERS,LR,332.0,60.0,299011.0,8,Tanker,17,,terrestrial,https://www.marinetraffic.com/en/ais/details/ships/shipid:4110796
2026-08-03T05:04:55+00:00,656191,LILIANA,25.435467,56.616432,0.1,332.0,80.0,0.0,7.0,AEKLF OPL,HK,274.0,48.0,158344.0,8,Tanker,17,,terrestrial,https://www.marinetraffic.com/en/ais/details/ships/shipid:656191
2026-08-03T05:04:55+00:00,753264,AVA 10,25.666784,57.013161,0.1,354.0,355.0,0.0,50.0,KFK OPL,KM,230.0,42.0,105674.0,8,Tanker,17,,terrestrial,https://www.marinetraffic.com/en/ais/details/ships/shipid:753264
2026-08-03T05:04:55+00:00,757703,BURG STAR,25.642817,56.578354,0.1,357.0,83.0,0.0,9.0,SOHAR,BS,228.0,32.0,73869.0,8,Tanker,88,,terrestrial,https://www.marinetraffic.com/en/ais/details/ships/shipid:757703
2026-08-03T05:04:55+00:00,727669,ALEXANDRA,25.4265,56.603252,0.1,283.0,88.0,0.0,6.0,OMAN,HK,227.0,32.0,72718.0,8,Tanker,71,,terrestrial,https://www.marinetraffic.com/en/ais/details/ships/shipid:727669
2026-08-03T05:04:55+00:00,203460,PURDUE STELLAR,25.519228,56.68428,0.0,330.0,74.0,,6.0,SOHAR,HK,228.0,32.0,70681.0,8,Tanker,17,,terrestrial,https://www.marinetraffic.com/en/ais/details/ships/shipid:203460
2026-08-03T05:04:55+00:00,716018,EDOR,25.498976,56.847252,0.0,51.0,135.0,0.0,7.0,AEKLF,MH,228.0,32.0,70156.0,8,Tanker,17,,terrestrial,https://www.marinetraffic.com/en/ais/details/ships/shipid:716018
2026-08-03T05:04:55+00:00,208690,CAMILLA,25.41925,56.615868,0.1,337.0,84.0,0.0,5.0,FOR ORDERS,HK,228.0,32.0,70142.0,8,Tanker,71,,terrestrial,https://www.marinetraffic.com/en/ais/details/ships/shipid:208690
2026-08-03T05:04:55+00:00,1985,PRIVE ANGEL,25.436216,56.9986,0.8,320.0,224.0,0.0,3.0,AEFJR,PA,183.0,32.0,51246.0,8,Tanker,88,,terrestrial,https://www.marinetraffic.com/en/ais/details/ships/shipid:1985
2026-08-03T05:04:55+00:00,460116,DISHA,25.496613,56.83036,0.1,137.0,137.0,0.0,7.0,KFK OPL,MZ,230.0,36.0,49996.0,8,Tanker,19,,terrestrial,https://www.marinetraffic.com/en/ais/details/ships/shipid:460116
2026-08-03T05:04:55+00:00,463393,SEA OPERA,25.643927,56.939072,1.0,84.0,149.0,,6.0,SHINAS OMAN,CM,224.0,36.0,49345.0,8,Tanker,19,,terrestrial,https://www.marinetraffic.com/en/ais/details/ships/shipid:463393
2026-08-03T05:04:55+00:00,461449,AMARA,25.405569,56.560394,2.9,242.0,241.0,0.0,3.0,AE KLF,LR,185.0,32.0,47931.0,8,Tanker,88,,terrestrial,https://www.marinetraffic.com/en/ais/details/ships/shipid:461449
2026-08-03T05:04:55+00:00,9392231,ELMO,25.469833,56.656479,0.1,356.0,68.0,-2.0,7.0,KFK OPL,MW,183.0,32.0,47880.0,8,Tanker,88,,terrestrial,https://www.marinetraffic.com/en/ais/details/ships/shipid:9392231
2026-08-03T05:04:55+00:00,730754,ORPHIC,25.696295,56.907887,0.0,342.0,342.0,0.0,5.0,KFK OPL,CW,182.0,32.0,47052.0,8,Tanker,71,,terrestrial,https://www.marinetraffic.com/en/ais/details/ships/shipid:730754
2026-08-03T05:04:55+00:00,285427,OCEAN JEWEL,25.436819,56.64584,0.0,3.0,75.0,0.0,6.0,SINGAPORE,PA,182.0,32.0,46344.0,8,Tanker,88,,terrestrial,https://www.marinetraffic.com/en/ais/details/ships/shipid:285427
2026-08-03T05:04:55+00:00,459690,UHUD,25.416784,56.461319,0.0,216.0,130.0,0.0,7.0,KFK-UAE,PA,179.0,32.0,45987.0,8,Tanker,71,,terrestrial,https://www.marinetraffic.com/en/ais/details/ships/shipid:459690
2026-08-03T05:04:55+00:00,728876,CR TETHYS,25.400749,56.655033,0.1,0.0,0.0,0.0,1281.0,FUJAIRAH,CM,180.0,32.0,44970.0,8,Tanker,88,,terrestrial,https://www.marinetraffic.com/en/ais/details/ships/shipid:728876
2026-08-03T05:04:55+00:00,TWprek5qVTJNamt6TmpVMk1qa3pOZz09LVRsczJtMTZpVndTeUNiemdTcTBxVFE9PQ==,,25.4,56.654999,0.0,0.0,,,11.0,,,,,,8,Tanker,,At Anchor,satellite,
2026-08-03T05:04:55+00:00,274639,FIBI,25.491043,56.659988,0.0,255.0,72.0,0.0,9.0,SOHAR,NI,176.0,31.0,44485.0,8,Tanker,88,,terrestrial,https://www.marinetraffic.com/en/ais/details/ships/shipid:274639
2026-08-03T05:04:55+00:00,753863,PS PELICAN,25.411375,56.485378,0.0,301.0,123.0,0.0,4.0,AEKLF,PA,175.0,31.0,40208.0,8,Tanker,88,,terrestrial,https://www.marinetraffic.com/en/ais/details/ships/shipid:753863
2026-08-03T05:04:55+00:00,327160,ELIAH,25.410789,56.49762,0.1,149.0,130.0,0.0,6.0,KHORFAKKAN,NI,177.0,26.0,24853.0,8,Tanker,88,,terrestrial,https://www.marinetraffic.com/en/ais/details/ships/shipid:327160
2026-08-03T05:04:55+00:00,327287,OLGA,25.721798,57.050419,0.2,190.0,,,5.0,KFK0-OPL,CW,177.0,26.0,24333.0,8,Tanker,16,,terrestrial,https://www.marinetraffic.com/en/ais/details/ships/shipid:327287
2026-08-03T05:04:55+00:00,704923,RAJANI GAS,25.667839,56.934505,0.0,22.0,113.0,,9.0,AE KFK,NI,159.0,25.0,23479.0,8,Tanker,195,,terrestrial,https://www.marinetraffic.com/en/ais/details/ships/shipid:704923
2026-08-03T05:04:55+00:00,711728,LUCKY CHEM,25.406569,56.417145,0.0,80.0,142.0,,6.0,AE KLF,PA,144.0,24.0,19817.0,8,Tanker,88,,terrestrial,https://www.marinetraffic.com/en/ais/details/ships/shipid:711728
2026-08-03T05:04:55+00:00,712035,ROSETTA,25.639954,56.98748,0.1,338.0,132.0,0.0,7.0,KFK UAE,BB,127.0,20.0,13146.0,8,Tanker,71,,terrestrial,https://www.marinetraffic.com/en/ais/details/ships/shipid:712035
2026-08-03T05:04:55+00:00,736894,TRIDENT II,25.711727,56.894886,0.2,0.0,,,6.0,OPI,NI,132.0,19.0,10000.0,8,Tanker,71,,terrestrial,https://www.marinetraffic.com/en/ais/details/ships/shipid:736894
2026-08-03T05:04:55+00:00,9600435,EMMA,25.488668,56.710854,0.1,290.0,99.0,0.0,6.0,KHOR FAKKAN,GY,113.0,18.0,8032.0,8,Tanker,88,,terrestrial,https://www.marinetraffic.com/en/ais/details/ships/shipid:9600435
2026-08-03T05:04:55+00:00,712801,GEB,25.5186,56.824146,0.1,2.0,127.0,0.0,7.0,TBA,NI,109.0,18.0,6790.0,8,Tanker,88,,terrestrial,https://www.marinetraffic.com/en/ais/details/ships/shipid:712801
2026-08-03T05:04:55+00:00,9194585,ZAHRA,25.400959,56.436974,0.1,65.0,106.0,0.0,4.0,KHOR FAKKAN,KM,114.0,16.0,6712.0,8,Tanker,71,,terrestrial,https://www.marinetraffic.com/en/ais/details/ships/shipid:9194585
2026-08-03T05:04:55+00:00,329729,BITU,25.631651,56.500347,0.1,352.0,,,7.0,"KFK,OPL",PA,110.0,18.0,6603.0,8,Tanker,15,,terrestrial,https://www.marinetraffic.com/en/ais/details/ships/shipid:329729
2026-08-03T05:04:55+00:00,9908361,SIFRA,25.636429,57.033573,0.2,245.0,245.0,0.0,3.0,AEKLF,AI,107.0,16.0,6148.0,8,Tanker,195,,terrestrial,https://www.marinetraffic.com/en/ais/details/ships/shipid:9908361
2026-08-03T05:04:55+00:00,5609129,RUDRA,25.41613,56.563019,7.5,269.0,263.0,0.0,4.0,AEKLF,PW,112.0,16.0,5884.0,8,Tanker,71,,terrestrial,https://www.marinetraffic.com/en/ais/details/ships/shipid:5609129
2026-08-03T05:04:55+00:00,711876,SAKAI,25.473387,56.583492,0.0,4.0,116.0,2.0,3.0,KLF AE,BW,122.0,20.0,5150.0,8,Tanker,19,,terrestrial,https://www.marinetraffic.com/en/ais/details/ships/shipid:711876
2026-08-03T05:04:55+00:00,754303,NORTHERN STAR,25.4158,56.503387,0.0,12.0,122.0,-5.0,3.0,KFK UAE,PW,101.0,16.0,4999.0,8,Tanker,15,,terrestrial,https://www.marinetraffic.com/en/ais/details/ships/shipid:754303
2026-08-03T05:04:55+00:00,407305,AGRASEN,25.402714,56.479927,0.1,335.0,119.0,0.0,5.0,KFK UAE,PW,90.0,14.0,3370.0,8,Tanker,15,,terrestrial,https://www.marinetraffic.com/en/ais/details/ships/shipid:407305
2026-08-03T05:04:55+00:00,10676198,MOLLI,25.424923,56.677502,0.0,90.0,90.0,0.0,26.0,KFKOPL,KM,97.0,15.0,3348.0,8,Tanker,15,,terrestrial,https://www.marinetraffic.com/en/ais/details/ships/shipid:10676198
2026-08-03T05:04:55+00:00,210980,CHIOS,25.487822,56.829514,1.1,326.0,15.0,0.0,5.0,KHORFAKKAN,KM,86.0,12.0,3184.0,8,Tanker,71,,terrestrial,https://www.marinetraffic.com/en/ais/details/ships/shipid:210980
2026-08-03T05:04:55+00:00,663438,DENIZ 5,25.711756,56.955708,0.6,18.0,261.0,,19.0,ODAR,KM,61.0,10.0,1199.0,8,Tanker,16,,terrestrial,https://www.marinetraffic.com/en/ais/details/ships/shipid:663438
